-- phpMyAdmin SQL Dump
-- version 5.2.1
-- https://www.phpmyadmin.net/
--
-- Host: localhost:3306
-- Generation Time: 08 مارس 2025 الساعة 22:44
-- إصدار الخادم: 10.4.32-MariaDB
-- PHP Version: 8.2.12

SET SQL_MODE = "NO_AUTO_VALUE_ON_ZERO";
START TRANSACTION;
SET time_zone = "+00:00";


/*!40101 SET @OLD_CHARACTER_SET_CLIENT=@@CHARACTER_SET_CLIENT */;
/*!40101 SET @OLD_CHARACTER_SET_RESULTS=@@CHARACTER_SET_RESULTS */;
/*!40101 SET @OLD_COLLATION_CONNECTION=@@COLLATION_CONNECTION */;
/*!40101 SET NAMES utf8mb4 */;

--
-- Database: `vision_system`
--
CREATE DATABASE IF NOT EXISTS `vision_system` DEFAULT CHARACTER SET utf8mb4 COLLATE utf8mb4_unicode_ci;
USE `vision_system`;

-- --------------------------------------------------------

--
-- بنية الجدول `articles`
--

CREATE TABLE `articles` (
  `article_id` int(11) NOT NULL,
  `tip_id` int(11) NOT NULL,
  `icon_class` varchar(50) NOT NULL,
  `title` varchar(255) NOT NULL,
  `content` text NOT NULL
) ENGINE=InnoDB DEFAULT CHARSET=utf8mb4 COLLATE=utf8mb4_unicode_ci;

--
-- إرجاع أو استيراد بيانات الجدول `articles`
--

INSERT INTO `articles` (`article_id`, `tip_id`, `icon_class`, `title`, `content`) VALUES
(1, 0, 'fas fa-sun', 'الحماية من الأشعة فوق البنفسجية', 'اختر نظارات شمسية تحجب 99% من الأشعة فوق البنفسجية حتى في الأيام الغائمة. الأشعة UV تزيد من خطر إعتام عدسة العين'),
(2, 0, 'fas fa-desktop', 'إجهاد العين الرقمي', 'طبق قاعدة 20-20-20: كل 20 دقيقة، انظر لشيء على بعد 20 قدمًا لمدة 20 ثانية لتقليل إجهاد العين'),
(3, 0, 'fas fa-carrot', 'التغذية والعين', 'أطعمة مثل الجزر، السبانخ، الأسماك الدهنية تحتوي على مغذيات ضرورية لصحة الشبكية وتحمي من التنكس البقعي');

-- --------------------------------------------------------

--
-- بنية الجدول `color1_test`
--

CREATE TABLE `color1_test` (
  `test_id` int(11) NOT NULL,
  `patient_id` int(11) NOT NULL,
  `color1` varchar(7) NOT NULL,
  `color2` varchar(7) NOT NULL,
  `similarity` int(11) NOT NULL,
  `status` varchar(20) NOT NULL,
  `attempt_number` int(11) NOT NULL,
  `test_date` datetime DEFAULT current_timestamp()
) ENGINE=InnoDB DEFAULT CHARSET=utf8mb4 COLLATE=utf8mb4_unicode_ci;

--
-- إرجاع أو استيراد بيانات الجدول `color1_test`
--

INSERT INTO `color1_test` (`test_id`, `patient_id`, `color1`, `color2`, `similarity`, `status`, `attempt_number`, `test_date`) VALUES
(1, 1, '#ff0000', '#00ff00', 18, 'ضعيف', 1, '2025-03-08 05:54:05'),
(2, 1, '#ff0000', '#00ff00', 18, 'ضعيف', 2, '2025-03-08 06:05:40'),
(3, 15, '#ff0000', '#678e67', 47, 'ضعيف', 1, '2025-03-08 15:02:56'),
(4, 15, '#ff0000', '#00ff00', 18, 'ضعيف', 2, '2025-03-08 15:25:54');

-- --------------------------------------------------------

--
-- بنية الجدول `color_test`
--

CREATE TABLE `color_test` (
  `id` int(11) NOT NULL,
  `patient_id` int(11) DEFAULT NULL,
  `color_choice` varchar(20) DEFAULT NULL,
  `test_date` datetime DEFAULT NULL,
  `ip_address` varchar(45) DEFAULT NULL
) ENGINE=InnoDB DEFAULT CHARSET=utf8mb4 COLLATE=utf8mb4_unicode_ci;

--
-- إرجاع أو استيراد بيانات الجدول `color_test`
--

INSERT INTO `color_test` (`id`, `patient_id`, `color_choice`, `test_date`, `ip_address`) VALUES
(1, 2, '#00FF00', '2025-03-06 01:21:34', '::1'),
(2, 2, '#00FF00', '2025-03-06 01:21:43', '::1'),
(3, 1, '', '2025-03-06 01:21:49', '::1'),
(4, 2, '', '2025-03-06 01:21:54', '::1');

-- --------------------------------------------------------

--
-- بنية الجدول `consultations`
--

CREATE TABLE `consultations` (
  `id` int(6) UNSIGNED NOT NULL,
  `doctor_id` int(6) UNSIGNED NOT NULL,
  `patient_name` varchar(50) NOT NULL,
  `patient_email` varchar(100) NOT NULL,
  `message` text NOT NULL,
  `attachment` varchar(255) DEFAULT NULL,
  `created_at` timestamp NOT NULL DEFAULT current_timestamp()
) ENGINE=InnoDB DEFAULT CHARSET=utf8mb4 COLLATE=utf8mb4_unicode_ci;

--
-- إرجاع أو استيراد بيانات الجدول `consultations`
--

INSERT INTO `consultations` (`id`, `doctor_id`, `patient_name`, `patient_email`, `message`, `attachment`, `created_at`) VALUES
(9, 2, 'mona', 'mona@gmail.com', '...........', NULL, '2025-03-04 12:17:39'),
(10, 1, 'mona', 'mona@gmail.com', 'mona', NULL, '2025-03-05 19:09:59'),
(11, 1, 'mona', 'mona@gmail.com', 'mona', NULL, '2025-03-08 21:29:57');

-- --------------------------------------------------------

--
-- بنية الجدول `contact_lenses`
--

CREATE TABLE `contact_lenses` (
  `id` int(11) NOT NULL,
  `lens_type` varchar(100) NOT NULL COMMENT 'نوع العدسة',
  `features` text NOT NULL COMMENT 'الميزات التقنية',
  `focal_measurement` varchar(100) NOT NULL COMMENT 'المقاييس البؤرية',
  `recommended_conditions` text NOT NULL COMMENT 'الاستخدامات الموصى بها',
  `material` varchar(50) NOT NULL COMMENT 'المادة المصنوعة منها',
  `oxygen_permeability` decimal(5,2) NOT NULL COMMENT 'نفاذية الأكسجين (Dk/t)',
  `replacement_schedule` varchar(50) NOT NULL COMMENT 'جدول الاستبدال',
  `quality_rating` int(1) NOT NULL COMMENT 'تقييم الجودة (1-5)'
) ENGINE=InnoDB DEFAULT CHARSET=utf8mb4 COLLATE=utf8mb4_general_ci;

--
-- إرجاع أو استيراد بيانات الجدول `contact_lenses`
--

INSERT INTO `contact_lenses` (`id`, `lens_type`, `features`, `focal_measurement`, `recommended_conditions`, `material`, `oxygen_permeability`, `replacement_schedule`, `quality_rating`) VALUES
(1, 'عدسات يومية لينة', 'حمايه uv,ترطيب متقدم', 'SPH: -10.00 إلى +6.00', 'قصر/طول النظر، الاستخدام اليومي', 'هيدروجيل سيليكوني', 25.50, 'يومية', 4),
(2, 'عدسات شهرية توريك', 'تصحيح الاستجماتيزم', 'CYL: -0.75 إلى -2.75، AXIS: 0-180', 'القرنية غير المنتظمة', 'هيدروجيل', 18.30, 'شهرية', 5),
(3, 'عدسات متعددة البؤر', 'تصحيح الرؤية للمسافات المتعددة', 'ADD: +1.00 إلى +3.00', 'طول النظر الشيخوخي', 'سيلكون هيدروجيل', 32.10, 'أسبوعية', 4),
(4, 'عدسات ملونة', 'تعزيز اللون الطبيعي للعين', 'SPH: -8.00 إلى +6.00', 'أغراض تجميلية', 'بوليميثيل ميثاكريلات', 12.70, '3 أشهر', 3),
(5, 'عدسات هجينة', 'جمع مزايا الصلبة واللينة', 'BASE CURVE: 8.3-8.7', 'قرنية مخروطية', 'مزيج بوليمري', 45.60, 'سنوية', 5),
(6, 'عدسات صلبة (RGP)', 'وضوح بصري عالي', 'DIAMETER: 9.2-9.8mm', 'الاستجماتيزم العالي', 'فلوروسيليكون أكريليك', 128.40, '12-18 شهر', 4),
(7, 'عدسات تصحيح النظر الليلي (Ortho-K)', 'تصحيح مؤقت خلال النوم', 'K readings: 39.00-48.00D', 'قصر النظر المتوسط', 'هيدروجيل عالي النفاذية', 89.50, 'سنوية', 4),
(8, 'عدسات ما بعد الجراحة', 'حماية القرنية بعد العمليات', 'PWR: Plano', 'ما بعد الليزك أو الزراعة', 'مادة ناعمة خاملة', 30.20, 'يومية', 5),
(9, 'عدسات علاجية', 'إطلاق الأدوية ببطء', 'حسب الوصفة الطبية', 'التهابات العين المزمنة', 'هيدروجيل طبي', 22.80, 'أسبوعية', 4),
(10, 'عدسات تصحيح طول النظر', 'تصحيح +0.75 إلى +6.00', 'SPH: +0.75 إلى +6.00', 'طول النظر الشيخوخي', 'سيلكون هيدروجيل', 34.50, 'شهرية', 4);

-- --------------------------------------------------------

--
-- بنية الجدول `diagnosis`
--

CREATE TABLE `diagnosis` (
  `id` int(11) NOT NULL,
  `patient_id` int(11) DEFAULT NULL,
  `report` text DEFAULT NULL,
  `date` datetime DEFAULT NULL
) ENGINE=InnoDB DEFAULT CHARSET=utf8mb4 COLLATE=utf8mb4_unicode_ci;

--
-- إرجاع أو استيراد بيانات الجدول `diagnosis`
--

INSERT INTO `diagnosis` (`id`, `patient_id`, `report`, `date`) VALUES
(2, 1, '{\"الظفرة\":{\"id\":1,\"disease_name\":\"الظفرة\",\"description\":\"نمو نسيج ملتحمة العين على القرنية\",\"symptoms\":\"احمرار، تهيج، شعور بوجود جسم غريب\",\"causes\":\"التعرض للأشعة فوق البنفسجية، الجفاف\",\"treatments\":\"المرطبات، الجراحة\",\"prevention\":\"ارتداء النظارات الشمسية\",\"category\":\"\",\"score\":0},\"الانكسار الضوئي غير المنتظم\":{\"id\":2,\"disease_name\":\"الانكسار الضوئي غير المنتظم\",\"description\":\"تشوه في شكل القرنية أو العدسة\",\"symptoms\":\"رؤية مشوشة، صعوبة في الرؤية الليلية\",\"causes\":\"القرنية المخروطية، إصابات العين\",\"treatments\":\"عدسات لاصقة خاصة، جراحة الليزك\",\"prevention\":\"فحوصات العين الدورية\",\"category\":\"أخطاء انكسارية\",\"score\":0},\"التهاب العصب البصري\":{\"id\":3,\"disease_name\":\"التهاب العصب البصري\",\"description\":\"التهاب العصب المسؤول عن نقل الإشارات البصرية\",\"symptoms\":\"ألم عند حركة العين، فقدان الرؤية المؤقت\",\"causes\":\"أمراض المناعة الذاتية، التصلب المتعدد\",\"treatments\":\"الكورتيكوستيرويدات الوريدية\",\"prevention\":\"علاج الأمراض المسببة\",\"category\":\"التهابات العين\",\"score\":0},\"الحَوَل\":{\"id\":4,\"disease_name\":\"الحَوَل\",\"description\":\"اختلال في محاذاة العينين\",\"symptoms\":\"ازدواجية الرؤية، إمالة الرأس\",\"causes\":\"ضعف العضلات، مشاكل عصبية\",\"treatments\":\"النظارات، تمارين العين، الجراحة\",\"prevention\":\"الكشف المبكر عند الأطفال\",\"category\":\"اضطرابات عضلية\\/عصبية\",\"score\":0},\"عمى الألوان\":{\"id\":5,\"disease_name\":\"عمى الألوان\",\"description\":\"صعوبة تمييز ألوان معينة\",\"symptoms\":\"خلط بين الألوان خاصة الأحمر والأخضر\",\"causes\":\"عوامل وراثية، بعض الأدوية\",\"treatments\":\"عدلات لاصقة خاصة، تكييف البيئة\",\"prevention\":\"الفحص الجيني قبل الزواج\",\"category\":\"أمراض وراثية\",\"score\":0},\"التهاب القرنية الفطري\":{\"id\":6,\"disease_name\":\"التهاب القرنية الفطري\",\"description\":\"عدوى فطرية في قرنية العين\",\"symptoms\":\"ألم شديد، احمرار، ضبابية الرؤية\",\"causes\":\"إصابات بالنباتات، عدسات لاصقة ملوثة\",\"treatments\":\"الأدوية المضادة للفطريات\",\"prevention\":\"تعقيم العدسات اللاصقة\",\"category\":\"التهابات العين\",\"score\":0},\"التهاب الجيوب الحجاجية\":{\"id\":7,\"disease_name\":\"التهاب الجيوب الحجاجية\",\"description\":\"التهاب التجاويف حول مقلة العين\",\"symptoms\":\"ألم حول العين، تورم الجفون\",\"causes\":\"التهابات الجيوب الأنفية، عدوى بكتيرية\",\"treatments\":\"المضادات الحيوية، الجراحة\",\"prevention\":\"علاج التهابات الجيوب الأنفية\",\"category\":\"التهابات العين\",\"score\":0},\"اعتلال الشبكية الخداجي\":{\"id\":8,\"disease_name\":\"اعتلال الشبكية الخداجي\",\"description\":\"تطور غير طبيعي للأوعية الدموية في عيون الخدج\",\"symptoms\":\"نمو أوعية دموية غير طبيعية\",\"causes\":\"الولادة المبكرة، الأكسجين المركز\",\"treatments\":\"العلاج بالليزر، حقن الأدوية\",\"prevention\":\"مراقبة حديثي الولادة الخدج\",\"category\":\"أمراض الشبكية\",\"score\":0},\"الوذمة البقعية\":{\"id\":9,\"disease_name\":\"الوذمة البقعية\",\"description\":\"تراكم السوائل في المنطقة المركزية للشبكية\",\"symptoms\":\"تشوه في الرؤية المركزية، ألوان باهتة\",\"causes\":\"السكري، انسداد الأوردة الشبكية\",\"treatments\":\"حقن مضادات VEGF، الليزر\",\"prevention\":\"التحكم في سكر الدم\",\"category\":\"أمراض الشبكية\",\"score\":0},\"التهاب الصلبة\":{\"id\":10,\"disease_name\":\"التهاب الصلبة\",\"description\":\"التهاب الطبقة البيضاء الخارجية للعين\",\"symptoms\":\"ألم عميق، احمرار موضعي، حساسية للضوء\",\"causes\":\"أمراض المناعة الذاتية، العدوى\",\"treatments\":\"الكورتيكوستيرويدات، الأدوية المثبطة للمناعة\",\"prevention\":\"إدارة الأمراض المزمنة\",\"category\":\"التهابات العين\",\"score\":0},\"انغلاق الزاوية الحاد\":{\"id\":11,\"disease_name\":\"انغلاق الزاوية الحاد\",\"description\":\"ارتفاع مفاجئ في ضغط العين\",\"symptoms\":\"ألم شديد، غثيان، رؤية هالات\",\"causes\":\"تشريح ضيق للزاوية الأمامية للعين\",\"treatments\":\"أدوية خفض الضغط، جراحة الليزر\",\"prevention\":\"فحص زاوية العين الدوري\",\"category\":\"الزَرَق (الجلوكوما)\",\"score\":0},\"التهاب القناة الدمعية\":{\"id\":12,\"disease_name\":\"التهاب القناة الدمعية\",\"description\":\"انسداد أو التهاب في نظام تصريف الدموع\",\"symptoms\":\"دمعان مستمر، التهابات متكررة\",\"causes\":\"عدوى، أورام، تشوهات خلقية\",\"treatments\":\"المضادات الحيوية، الجراحة\",\"prevention\":\"النظافة الجيدة للعين\",\"category\":\"التهابات العين\",\"score\":0},\"الورم الميلانيني العيني\":{\"id\":13,\"disease_name\":\"الورم الميلانيني العيني\",\"description\":\"سرطان يصيب الخلايا الصبغية في العين\",\"symptoms\":\"بقع داكنة في القزحية، تغيرات الرؤية\",\"causes\":\"التعرض للأشعة فوق البنفسجية، عوامل وراثية\",\"treatments\":\"العلاج الإشعاعي، الاستئصال الجراحي\",\"prevention\":\"فحص العين السنوي\",\"category\":\"أورام العين\",\"score\":0},\"التهاب القرنية الهربسي\":{\"id\":14,\"disease_name\":\"التهاب القرنية الهربسي\",\"description\":\"عدوى فيروسية في قرنية العين\",\"symptoms\":\"قرح مؤلمة، حساسية للضوء\",\"causes\":\"فيروس الهربس البسيط\",\"treatments\":\"الأدوية المضادة للفيروسات\",\"prevention\":\"منع تفشي الهربس الفموي\",\"category\":\"التهابات العين\",\"score\":0},\"التهاب الشبكية الصباغي\":{\"id\":15,\"disease_name\":\"التهاب الشبكية الصباغي\",\"description\":\"اضطراب وراثي تنكسي في الشبكية\",\"symptoms\":\"العشى الليلي، فقدان الرؤية المحيطية\",\"causes\":\"طفرات جينية وراثية\",\"treatments\":\"فيتامين أ، الأجهزة المساعدة\",\"prevention\":\"الاستشارة الوراثية\",\"category\":\"أمراض وراثية\",\"score\":0},\"الوذمة الحليمية\":{\"id\":16,\"disease_name\":\"الوذمة الحليمية\",\"description\":\"تورم العصب البصري عند نقطة دخوله العين\",\"symptoms\":\"فقدان الرؤية، صداع\",\"causes\":\"ارتفاع الضغط داخل الجمجمة، التهابات\",\"treatments\":\"علاج المسبب الرئيسي\",\"prevention\":\"مراقبة ضغط الدماغ\",\"category\":\"أمراض العصب البصري\",\"score\":0},\"التهاب القرنية الشوكميبي\":{\"id\":17,\"disease_name\":\"التهاب القرنية الشوكميبي\",\"description\":\"عدوى نادرة وخطيرة تسببها الأميبا\",\"symptoms\":\"ألم شديد، احمرار، فقدان البصر\",\"causes\":\"السباحة بالعدسات، سوء التعقيم\",\"treatments\":\"المطهرات الخاصة، الزراعة\",\"prevention\":\"العناية بالعدسات اللاصقة\",\"category\":\"التهابات العين\",\"score\":0},\"الانفصال الزجاجي\":{\"id\":18,\"disease_name\":\"الانفصال الزجاجي\",\"description\":\"انفصال الجسم الزجاجي عن الشبكية\",\"symptoms\":\"عوائم مفاجئة، ومضات ضوئية\",\"causes\":\"التقدم في السن، قصر النظر الشديد\",\"treatments\":\"المراقبة، الجراحة في الحالات الخطرة\",\"prevention\":\"فحص العين عند ظهور الأعراض\",\"category\":\"أمراض الجسم الزجاجي\",\"score\":0},\"التهاب العنبية\":{\"id\":19,\"disease_name\":\"التهاب العنبية\",\"description\":\"التهاب الطبقة الوسطى من أنسجة العين\",\"symptoms\":\"ألم، احمرار، حساسية للضوء\",\"causes\":\"أمراض المناعة الذاتية، العدوى\",\"treatments\":\"الستيرويدات، الأدوية المثبطة للمناعة\",\"prevention\":\"إدارة الأمراض المزمنة\",\"category\":\"التهابات العين\",\"score\":0},\"التهاب العين الدرقي\":{\"id\":20,\"disease_name\":\"التهاب العين الدرقي\",\"description\":\"مضاعفات مرتبطة بمرض جريفز\",\"symptoms\":\"جحوظ العينين، ازدواج الرؤية\",\"causes\":\"اضطرابات الغدة الدرقية\",\"treatments\":\"الستيرويدات، الجراحة\",\"prevention\":\"التحكم في نشاط الغدة الدرقية\",\"category\":\"أمراض مناعية\",\"score\":0},\"التهاب القرنية الجاف\":{\"id\":21,\"disease_name\":\"التهاب القرنية الجاف\",\"description\":\"جفاف شديد في سطح القرنية\",\"symptoms\":\"حرقة، شعور بوجود رمل، احمرار\",\"causes\":\"متلازمة سجوجرن، أدوية معينة\",\"treatments\":\"المرطبات، سدادات القنوات الدمعية\",\"prevention\":\"تجنب البيئات الجافة\",\"category\":\"أمراض سطح العين\",\"score\":0},\"التهاب القرنية الفيروسي\":{\"id\":22,\"disease_name\":\"التهاب القرنية الفيروسي\",\"description\":\"عدوى فيروسية في القرنية\",\"symptoms\":\"تقرحات، ألم، ضبابية الرؤية\",\"causes\":\"الفيروسات الهربسية، الفيروسات الغدانية\",\"treatments\":\"الأدوية المضادة للفيروسات\",\"prevention\":\"النظافة الشخصية الجيدة\",\"category\":\"التهابات العين\",\"score\":0},\"الوذمة اللمفية القرنية\":{\"id\":23,\"disease_name\":\"الوذمة اللمفية القرنية\",\"description\":\"تراكم السوائل اللمفية في القرنية\",\"symptoms\":\"ضبابية الرؤية، تورم القرنية\",\"causes\":\"إصابات العين، جراحات سابقة\",\"treatments\":\"المرطبات، الجراحة\",\"prevention\":\"حماية العين من الإصابات\",\"category\":\"أمراض القرنية\",\"score\":0},\"التهاب الملتحمة التحسسي\":{\"id\":24,\"disease_name\":\"التهاب الملتحمة التحسسي\",\"description\":\"تفاعل تحسسي في الغشاء الملتحمي\",\"symptoms\":\"حكة شديدة، دمعان، تورم الجفون\",\"causes\":\"حبوب اللقاح، عث الغبار\",\"treatments\":\"مضادات الهيستامين، تجنب المسببات\",\"prevention\":\"التحكم في البيئة المحيطة\",\"category\":\"أمراض حساسية\",\"score\":0},\"التهاب القرنية البكتيري\":{\"id\":25,\"disease_name\":\"التهاب القرنية البكتيري\",\"description\":\"عدوى بكتيرية في القرنية\",\"symptoms\":\"قرحة مؤلمة، إفرازات صديدية\",\"causes\":\"الإصابات، سوء استخدام العدسات\",\"treatments\":\"المضادات الحيوية الموضعية\",\"prevention\":\"تعقيم العدسات اللاصقة\",\"category\":\"التهابات العين\",\"score\":0},\"التهاب الشبكية النضحي\":{\"id\":26,\"disease_name\":\"التهاب الشبكية النضحي\",\"description\":\"التهاب يصيب الشبكية مع إفرازات\",\"symptoms\":\"عوائم، فقدان الرؤية المركزية\",\"causes\":\"التهابات جهازية، أمراض المناعة\",\"treatments\":\"علاج المرض الأساسي، الستيرويدات\",\"prevention\":\"الكشف المبكر عن الأمراض الجهازية\",\"category\":\"أمراض الشبكية\",\"score\":0},\"التهاب القرنية الشريطي\":{\"id\":27,\"disease_name\":\"التهاب القرنية الشريطي\",\"description\":\"ترسبات كلسية في سطح القرنية\",\"symptoms\":\"تهيج، رؤية ضبابية\",\"causes\":\"جفاف العين المزمن، التهاب القزحية\",\"treatments\":\"كشط الترسبات، المرطبات\",\"prevention\":\"التحكم في الأمراض المسببة\",\"category\":\"أمراض القرنية\",\"score\":0},\"التهاب العين الفطري\":{\"id\":28,\"disease_name\":\"التهاب العين الفطري\",\"description\":\"عدوى فطرية في أنسجة العين\",\"symptoms\":\"ألم، احمرار، إفرازات سميكة\",\"causes\":\"الإصابات النباتية، المناعة الضعيفة\",\"treatments\":\"الأدوية المضادة للفطريات\",\"prevention\":\"حماية العين أثناء الأنشطة الخارجية\",\"category\":\"التهابات العين\",\"score\":0},\"التهاب القرنية الفقاعي\":{\"id\":29,\"disease_name\":\"التهاب القرنية الفقاعي\",\"description\":\"تكون فقاعات مؤلمة على القرنية\",\"symptoms\":\"ألم شديد، حساسية للضوء\",\"causes\":\"أمراض القرنية المزمنة، الجراحة\",\"treatments\":\"المرطبات، العدسات العلاجية\",\"prevention\":\"العلاج المبكر لمشاكل القرنية\",\"category\":\"أمراض القرنية\",\"score\":0},\"التهاب القزحية الأمامي\":{\"id\":30,\"disease_name\":\"التهاب القزحية الأمامي\",\"description\":\"التهاب الحجرة الأمامية للعين\",\"symptoms\":\"ألم، احمرار، تغير في شكل الحدقة\",\"causes\":\"أمراض المناعة، العدوى\",\"treatments\":\"قطرات الستيرويد، توسيع الحدقة\",\"prevention\":\"إدارة الأمراض المزمنة\",\"category\":\"التهابات العين\",\"score\":0},\"التهاب الشبكية المضاد للفيروسات\":{\"id\":31,\"disease_name\":\"التهاب الشبكية المضاد للفيروسات\",\"description\":\"عدوى فيروسية في الشبكية\",\"symptoms\":\"فقدان الرؤية المفاجئ، عوائم\",\"causes\":\"الفيروس المضخم للخلايا، الإيدز\",\"treatments\":\"الأدوية المضادة للفيروسات\",\"prevention\":\"تعزيز المناعة، العلاج الوقائي\",\"category\":\"التهابات العين\",\"score\":0},\"التهاب القرنية الترسيبي\":{\"id\":32,\"disease_name\":\"التهاب القرنية الترسيبي\",\"description\":\"ترسب مواد غريبة في القرنية\",\"symptoms\":\"تهيج، رؤية ضبابية\",\"causes\":\"تعرض للغبار المعدني، أمراض التمثيل الغذائي\",\"treatments\":\"الإزالة الجراحية، العلاج بالليزر\",\"prevention\":\"ارتداء نظارات الوقاية\",\"category\":\"أمراض القرنية\",\"score\":0}}', '2025-03-05 14:35:27'),
(15, 1, '[{\"id\":1,\"disease_name\":\"الظفرة\",\"description\":\"نمو نسيج ملتحمة العين على القرنية\",\"symptoms\":\"احمرار، تهيج، شعور بوجود جسم غريب\",\"causes\":\"التعرض للأشعة فوق البنفسجية، الجفاف\",\"treatments\":\"المرطبات، الجراحة\",\"prevention\":\"ارتداء النظارات الشمسية\",\"category\":\"\",\"score\":0,\"percentage\":\"0.00\"},{\"id\":2,\"disease_name\":\"الانكسار الضوئي غير المنتظم\",\"description\":\"تشوه في شكل القرنية أو العدسة\",\"symptoms\":\"رؤية مشوشة، صعوبة في الرؤية الليلية\",\"causes\":\"القرنية المخروطية، إصابات العين\",\"treatments\":\"عدسات لاصقة خاصة، جراحة الليزك\",\"prevention\":\"فحوصات العين الدورية\",\"category\":\"أخطاء انكسارية\",\"score\":0,\"percentage\":\"0.00\"},{\"id\":3,\"disease_name\":\"التهاب العصب البصري\",\"description\":\"التهاب العصب المسؤول عن نقل الإشارات البصرية\",\"symptoms\":\"ألم عند حركة العين، فقدان الرؤية المؤقت\",\"causes\":\"أمراض المناعة الذاتية، التصلب المتعدد\",\"treatments\":\"الكورتيكوستيرويدات الوريدية\",\"prevention\":\"علاج الأمراض المسببة\",\"category\":\"التهابات العين\",\"score\":0,\"percentage\":\"0.00\"},{\"id\":4,\"disease_name\":\"الحَوَل\",\"description\":\"اختلال في محاذاة العينين\",\"symptoms\":\"ازدواجية الرؤية، إمالة الرأس\",\"causes\":\"ضعف العضلات، مشاكل عصبية\",\"treatments\":\"النظارات، تمارين العين، الجراحة\",\"prevention\":\"الكشف المبكر عند الأطفال\",\"category\":\"اضطرابات عضلية\\/عصبية\",\"score\":0,\"percentage\":\"0.00\"},{\"id\":5,\"disease_name\":\"عمى الألوان\",\"description\":\"صعوبة تمييز ألوان معينة\",\"symptoms\":\"خلط بين الألوان خاصة الأحمر والأخضر\",\"causes\":\"عوامل وراثية، بعض الأدوية\",\"treatments\":\"عدلات لاصقة خاصة، تكييف البيئة\",\"prevention\":\"الفحص الجيني قبل الزواج\",\"category\":\"أمراض وراثية\",\"score\":0,\"percentage\":\"0.00\"},{\"id\":6,\"disease_name\":\"التهاب القرنية الفطري\",\"description\":\"عدوى فطرية في قرنية العين\",\"symptoms\":\"ألم شديد، احمرار، ضبابية الرؤية\",\"causes\":\"إصابات بالنباتات، عدسات لاصقة ملوثة\",\"treatments\":\"الأدوية المضادة للفطريات\",\"prevention\":\"تعقيم العدسات اللاصقة\",\"category\":\"التهابات العين\",\"score\":0,\"percentage\":\"0.00\"},{\"id\":7,\"disease_name\":\"التهاب الجيوب الحجاجية\",\"description\":\"التهاب التجاويف حول مقلة العين\",\"symptoms\":\"ألم حول العين، تورم الجفون\",\"causes\":\"التهابات الجيوب الأنفية، عدوى بكتيرية\",\"treatments\":\"المضادات الحيوية، الجراحة\",\"prevention\":\"علاج التهابات الجيوب الأنفية\",\"category\":\"التهابات العين\",\"score\":0,\"percentage\":\"0.00\"},{\"id\":8,\"disease_name\":\"اعتلال الشبكية الخداجي\",\"description\":\"تطور غير طبيعي للأوعية الدموية في عيون الخدج\",\"symptoms\":\"نمو أوعية دموية غير طبيعية\",\"causes\":\"الولادة المبكرة، الأكسجين المركز\",\"treatments\":\"العلاج بالليزر، حقن الأدوية\",\"prevention\":\"مراقبة حديثي الولادة الخدج\",\"category\":\"أمراض الشبكية\",\"score\":0,\"percentage\":\"0.00\"},{\"id\":9,\"disease_name\":\"الوذمة البقعية\",\"description\":\"تراكم السوائل في المنطقة المركزية للشبكية\",\"symptoms\":\"تشوه في الرؤية المركزية، ألوان باهتة\",\"causes\":\"السكري، انسداد الأوردة الشبكية\",\"treatments\":\"حقن مضادات VEGF، الليزر\",\"prevention\":\"التحكم في سكر الدم\",\"category\":\"أمراض الشبكية\",\"score\":0,\"percentage\":\"0.00\"},{\"id\":10,\"disease_name\":\"التهاب الصلبة\",\"description\":\"التهاب الطبقة البيضاء الخارجية للعين\",\"symptoms\":\"ألم عميق، احمرار موضعي، حساسية للضوء\",\"causes\":\"أمراض المناعة الذاتية، العدوى\",\"treatments\":\"الكورتيكوستيرويدات، الأدوية المثبطة للمناعة\",\"prevention\":\"إدارة الأمراض المزمنة\",\"category\":\"التهابات العين\",\"score\":0,\"percentage\":\"0.00\"},{\"id\":11,\"disease_name\":\"انغلاق الزاوية الحاد\",\"description\":\"ارتفاع مفاجئ في ضغط العين\",\"symptoms\":\"ألم شديد، غثيان، رؤية هالات\",\"causes\":\"تشريح ضيق للزاوية الأمامية للعين\",\"treatments\":\"أدوية خفض الضغط، جراحة الليزر\",\"prevention\":\"فحص زاوية العين الدوري\",\"category\":\"الزَرَق (الجلوكوما)\",\"score\":0,\"percentage\":\"0.00\"},{\"id\":12,\"disease_name\":\"التهاب القناة الدمعية\",\"description\":\"انسداد أو التهاب في نظام تصريف الدموع\",\"symptoms\":\"دمعان مستمر، التهابات متكررة\",\"causes\":\"عدوى، أورام، تشوهات خلقية\",\"treatments\":\"المضادات الحيوية، الجراحة\",\"prevention\":\"النظافة الجيدة للعين\",\"category\":\"التهابات العين\",\"score\":0,\"percentage\":\"0.00\"},{\"id\":13,\"disease_name\":\"الورم الميلانيني العيني\",\"description\":\"سرطان يصيب الخلايا الصبغية في العين\",\"symptoms\":\"بقع داكنة في القزحية، تغيرات الرؤية\",\"causes\":\"التعرض للأشعة فوق البنفسجية، عوامل وراثية\",\"treatments\":\"العلاج الإشعاعي، الاستئصال الجراحي\",\"prevention\":\"فحص العين السنوي\",\"category\":\"أورام العين\",\"score\":0,\"percentage\":\"0.00\"},{\"id\":14,\"disease_name\":\"التهاب القرنية الهربسي\",\"description\":\"عدوى فيروسية في قرنية العين\",\"symptoms\":\"قرح مؤلمة، حساسية للضوء\",\"causes\":\"فيروس الهربس البسيط\",\"treatments\":\"الأدوية المضادة للفيروسات\",\"prevention\":\"منع تفشي الهربس الفموي\",\"category\":\"التهابات العين\",\"score\":0,\"percentage\":\"0.00\"},{\"id\":15,\"disease_name\":\"التهاب الشبكية الصباغي\",\"description\":\"اضطراب وراثي تنكسي في الشبكية\",\"symptoms\":\"العشى الليلي، فقدان الرؤية المحيطية\",\"causes\":\"طفرات جينية وراثية\",\"treatments\":\"فيتامين أ، الأجهزة المساعدة\",\"prevention\":\"الاستشارة الوراثية\",\"category\":\"أمراض وراثية\",\"score\":0,\"percentage\":\"0.00\"},{\"id\":16,\"disease_name\":\"الوذمة الحليمية\",\"description\":\"تورم العصب البصري عند نقطة دخوله العين\",\"symptoms\":\"فقدان الرؤية، صداع\",\"causes\":\"ارتفاع الضغط داخل الجمجمة، التهابات\",\"treatments\":\"علاج المسبب الرئيسي\",\"prevention\":\"مراقبة ضغط الدماغ\",\"category\":\"أمراض العصب البصري\",\"score\":0,\"percentage\":\"0.00\"},{\"id\":17,\"disease_name\":\"التهاب القرنية الشوكميبي\",\"description\":\"عدوى نادرة وخطيرة تسببها الأميبا\",\"symptoms\":\"ألم شديد، احمرار، فقدان البصر\",\"causes\":\"السباحة بالعدسات، سوء التعقيم\",\"treatments\":\"المطهرات الخاصة، الزراعة\",\"prevention\":\"العناية بالعدسات اللاصقة\",\"category\":\"التهابات العين\",\"score\":0,\"percentage\":\"0.00\"},{\"id\":18,\"disease_name\":\"الانفصال الزجاجي\",\"description\":\"انفصال الجسم الزجاجي عن الشبكية\",\"symptoms\":\"عوائم مفاجئة، ومضات ضوئية\",\"causes\":\"التقدم في السن، قصر النظر الشديد\",\"treatments\":\"المراقبة، الجراحة في الحالات الخطرة\",\"prevention\":\"فحص العين عند ظهور الأعراض\",\"category\":\"أمراض الجسم الزجاجي\",\"score\":0,\"percentage\":\"0.00\"},{\"id\":19,\"disease_name\":\"التهاب العنبية\",\"description\":\"التهاب الطبقة الوسطى من أنسجة العين\",\"symptoms\":\"ألم، احمرار، حساسية للضوء\",\"causes\":\"أمراض المناعة الذاتية، العدوى\",\"treatments\":\"الستيرويدات، الأدوية المثبطة للمناعة\",\"prevention\":\"إدارة الأمراض المزمنة\",\"category\":\"التهابات العين\",\"score\":0,\"percentage\":\"0.00\"},{\"id\":20,\"disease_name\":\"التهاب العين الدرقي\",\"description\":\"مضاعفات مرتبطة بمرض جريفز\",\"symptoms\":\"جحوظ العينين، ازدواج الرؤية\",\"causes\":\"اضطرابات الغدة الدرقية\",\"treatments\":\"الستيرويدات، الجراحة\",\"prevention\":\"التحكم في نشاط الغدة الدرقية\",\"category\":\"أمراض مناعية\",\"score\":0,\"percentage\":\"0.00\"},{\"id\":21,\"disease_name\":\"التهاب القرنية الجاف\",\"description\":\"جفاف شديد في سطح القرنية\",\"symptoms\":\"حرقة، شعور بوجود رمل، احمرار\",\"causes\":\"متلازمة سجوجرن، أدوية معينة\",\"treatments\":\"المرطبات، سدادات القنوات الدمعية\",\"prevention\":\"تجنب البيئات الجافة\",\"category\":\"أمراض سطح العين\",\"score\":0,\"percentage\":\"0.00\"},{\"id\":22,\"disease_name\":\"التهاب القرنية الفيروسي\",\"description\":\"عدوى فيروسية في القرنية\",\"symptoms\":\"تقرحات، ألم، ضبابية الرؤية\",\"causes\":\"الفيروسات الهربسية، الفيروسات الغدانية\",\"treatments\":\"الأدوية المضادة للفيروسات\",\"prevention\":\"النظافة الشخصية الجيدة\",\"category\":\"التهابات العين\",\"score\":0,\"percentage\":\"0.00\"},{\"id\":23,\"disease_name\":\"الوذمة اللمفية القرنية\",\"description\":\"تراكم السوائل اللمفية في القرنية\",\"symptoms\":\"ضبابية الرؤية، تورم القرنية\",\"causes\":\"إصابات العين، جراحات سابقة\",\"treatments\":\"المرطبات، الجراحة\",\"prevention\":\"حماية العين من الإصابات\",\"category\":\"أمراض القرنية\",\"score\":0,\"percentage\":\"0.00\"},{\"id\":24,\"disease_name\":\"التهاب الملتحمة التحسسي\",\"description\":\"تفاعل تحسسي في الغشاء الملتحمي\",\"symptoms\":\"حكة شديدة، دمعان، تورم الجفون\",\"causes\":\"حبوب اللقاح، عث الغبار\",\"treatments\":\"مضادات الهيستامين، تجنب المسببات\",\"prevention\":\"التحكم في البيئة المحيطة\",\"category\":\"أمراض حساسية\",\"score\":0,\"percentage\":\"0.00\"},{\"id\":25,\"disease_name\":\"التهاب القرنية البكتيري\",\"description\":\"عدوى بكتيرية في القرنية\",\"symptoms\":\"قرحة مؤلمة، إفرازات صديدية\",\"causes\":\"الإصابات، سوء استخدام العدسات\",\"treatments\":\"المضادات الحيوية الموضعية\",\"prevention\":\"تعقيم العدسات اللاصقة\",\"category\":\"التهابات العين\",\"score\":0,\"percentage\":\"0.00\"},{\"id\":26,\"disease_name\":\"التهاب الشبكية النضحي\",\"description\":\"التهاب يصيب الشبكية مع إفرازات\",\"symptoms\":\"عوائم، فقدان الرؤية المركزية\",\"causes\":\"التهابات جهازية، أمراض المناعة\",\"treatments\":\"علاج المرض الأساسي، الستيرويدات\",\"prevention\":\"الكشف المبكر عن الأمراض الجهازية\",\"category\":\"أمراض الشبكية\",\"score\":0,\"percentage\":\"0.00\"},{\"id\":27,\"disease_name\":\"التهاب القرنية الشريطي\",\"description\":\"ترسبات كلسية في سطح القرنية\",\"symptoms\":\"تهيج، رؤية ضبابية\",\"causes\":\"جفاف العين المزمن، التهاب القزحية\",\"treatments\":\"كشط الترسبات، المرطبات\",\"prevention\":\"التحكم في الأمراض المسببة\",\"category\":\"أمراض القرنية\",\"score\":0,\"percentage\":\"0.00\"},{\"id\":28,\"disease_name\":\"التهاب العين الفطري\",\"description\":\"عدوى فطرية في أنسجة العين\",\"symptoms\":\"ألم، احمرار، إفرازات سميكة\",\"causes\":\"الإصابات النباتية، المناعة الضعيفة\",\"treatments\":\"الأدوية المضادة للفطريات\",\"prevention\":\"حماية العين أثناء الأنشطة الخارجية\",\"category\":\"التهابات العين\",\"score\":0,\"percentage\":\"0.00\"},{\"id\":29,\"disease_name\":\"التهاب القرنية الفقاعي\",\"description\":\"تكون فقاعات مؤلمة على القرنية\",\"symptoms\":\"ألم شديد، حساسية للضوء\",\"causes\":\"أمراض القرنية المزمنة، الجراحة\",\"treatments\":\"المرطبات، العدسات العلاجية\",\"prevention\":\"العلاج المبكر لمشاكل القرنية\",\"category\":\"أمراض القرنية\",\"score\":0,\"percentage\":\"0.00\"},{\"id\":30,\"disease_name\":\"التهاب القزحية الأمامي\",\"description\":\"التهاب الحجرة الأمامية للعين\",\"symptoms\":\"ألم، احمرار، تغير في شكل الحدقة\",\"causes\":\"أمراض المناعة، العدوى\",\"treatments\":\"قطرات الستيرويد، توسيع الحدقة\",\"prevention\":\"إدارة الأمراض المزمنة\",\"category\":\"التهابات العين\",\"score\":0,\"percentage\":\"0.00\"},{\"id\":31,\"disease_name\":\"التهاب الشبكية المضاد للفيروسات\",\"description\":\"عدوى فيروسية في الشبكية\",\"symptoms\":\"فقدان الرؤية المفاجئ، عوائم\",\"causes\":\"الفيروس المضخم للخلايا، الإيدز\",\"treatments\":\"الأدوية المضادة للفيروسات\",\"prevention\":\"تعزيز المناعة، العلاج الوقائي\",\"category\":\"التهابات العين\",\"score\":0,\"percentage\":\"0.00\"},{\"id\":32,\"disease_name\":\"التهاب القرنية الترسيبي\",\"description\":\"ترسب مواد غريبة في القرنية\",\"symptoms\":\"تهيج، رؤية ضبابية\",\"causes\":\"تعرض للغبار المعدني، أمراض التمثيل الغذائي\",\"treatments\":\"الإزالة الجراحية، العلاج بالليزر\",\"prevention\":\"ارتداء نظارات الوقاية\",\"category\":\"أمراض القرنية\",\"score\":0,\"percentage\":\"0.00\"}]', '2025-03-07 22:01:32'),
(16, 15, '[{\"id\":6,\"disease_name\":\"التهاب القرنية الفطري\",\"description\":\"عدوى فطرية في قرنية العين\",\"symptoms\":\"ألم شديد، احمرار، ضبابية الرؤية\",\"causes\":\"إصابات بالنباتات، عدسات لاصقة ملوثة\",\"treatments\":\"الأدوية المضادة للفطريات\",\"prevention\":\"تعقيم العدسات اللاصقة\",\"category\":\"التهابات العين\",\"score\":1,\"percentage\":\"3.23\"},{\"id\":31,\"disease_name\":\"التهاب الشبكية المضاد للفيروسات\",\"description\":\"عدوى فيروسية في الشبكية\",\"symptoms\":\"فقدان الرؤية المفاجئ، عوائم\",\"causes\":\"الفيروس المضخم للخلايا، الإيدز\",\"treatments\":\"الأدوية المضادة للفيروسات\",\"prevention\":\"تعزيز المناعة، العلاج الوقائي\",\"category\":\"التهابات العين\",\"score\":1,\"percentage\":\"3.23\"},{\"id\":1,\"disease_name\":\"الظفرة\",\"description\":\"نمو نسيج ملتحمة العين على القرنية\",\"symptoms\":\"احمرار، تهيج، شعور بوجود جسم غريب\",\"causes\":\"التعرض للأشعة فوق البنفسجية، الجفاف\",\"treatments\":\"المرطبات، الجراحة\",\"prevention\":\"ارتداء النظارات الشمسية\",\"category\":\"\",\"score\":0,\"percentage\":\"0.00\"},{\"id\":2,\"disease_name\":\"الانكسار الضوئي غير المنتظم\",\"description\":\"تشوه في شكل القرنية أو العدسة\",\"symptoms\":\"رؤية مشوشة، صعوبة في الرؤية الليلية\",\"causes\":\"القرنية المخروطية، إصابات العين\",\"treatments\":\"عدسات لاصقة خاصة، جراحة الليزك\",\"prevention\":\"فحوصات العين الدورية\",\"category\":\"أخطاء انكسارية\",\"score\":0,\"percentage\":\"0.00\"},{\"id\":3,\"disease_name\":\"التهاب العصب البصري\",\"description\":\"التهاب العصب المسؤول عن نقل الإشارات البصرية\",\"symptoms\":\"ألم عند حركة العين، فقدان الرؤية المؤقت\",\"causes\":\"أمراض المناعة الذاتية، التصلب المتعدد\",\"treatments\":\"الكورتيكوستيرويدات الوريدية\",\"prevention\":\"علاج الأمراض المسببة\",\"category\":\"التهابات العين\",\"score\":0,\"percentage\":\"0.00\"},{\"id\":4,\"disease_name\":\"الحَوَل\",\"description\":\"اختلال في محاذاة العينين\",\"symptoms\":\"ازدواجية الرؤية، إمالة الرأس\",\"causes\":\"ضعف العضلات، مشاكل عصبية\",\"treatments\":\"النظارات، تمارين العين، الجراحة\",\"prevention\":\"الكشف المبكر عند الأطفال\",\"category\":\"اضطرابات عضلية\\/عصبية\",\"score\":0,\"percentage\":\"0.00\"},{\"id\":5,\"disease_name\":\"عمى الألوان\",\"description\":\"صعوبة تمييز ألوان معينة\",\"symptoms\":\"خلط بين الألوان خاصة الأحمر والأخضر\",\"causes\":\"عوامل وراثية، بعض الأدوية\",\"treatments\":\"عدلات لاصقة خاصة، تكييف البيئة\",\"prevention\":\"الفحص الجيني قبل الزواج\",\"category\":\"أمراض وراثية\",\"score\":0,\"percentage\":\"0.00\"},{\"id\":7,\"disease_name\":\"التهاب الجيوب الحجاجية\",\"description\":\"التهاب التجاويف حول مقلة العين\",\"symptoms\":\"ألم حول العين، تورم الجفون\",\"causes\":\"التهابات الجيوب الأنفية، عدوى بكتيرية\",\"treatments\":\"المضادات الحيوية، الجراحة\",\"prevention\":\"علاج التهابات الجيوب الأنفية\",\"category\":\"التهابات العين\",\"score\":0,\"percentage\":\"0.00\"},{\"id\":8,\"disease_name\":\"اعتلال الشبكية الخداجي\",\"description\":\"تطور غير طبيعي للأوعية الدموية في عيون الخدج\",\"symptoms\":\"نمو أوعية دموية غير طبيعية\",\"causes\":\"الولادة المبكرة، الأكسجين المركز\",\"treatments\":\"العلاج بالليزر، حقن الأدوية\",\"prevention\":\"مراقبة حديثي الولادة الخدج\",\"category\":\"أمراض الشبكية\",\"score\":0,\"percentage\":\"0.00\"},{\"id\":9,\"disease_name\":\"الوذمة البقعية\",\"description\":\"تراكم السوائل في المنطقة المركزية للشبكية\",\"symptoms\":\"تشوه في الرؤية المركزية، ألوان باهتة\",\"causes\":\"السكري، انسداد الأوردة الشبكية\",\"treatments\":\"حقن مضادات VEGF، الليزر\",\"prevention\":\"التحكم في سكر الدم\",\"category\":\"أمراض الشبكية\",\"score\":0,\"percentage\":\"0.00\"},{\"id\":10,\"disease_name\":\"التهاب الصلبة\",\"description\":\"التهاب الطبقة البيضاء الخارجية للعين\",\"symptoms\":\"ألم عميق، احمرار موضعي، حساسية للضوء\",\"causes\":\"أمراض المناعة الذاتية، العدوى\",\"treatments\":\"الكورتيكوستيرويدات، الأدوية المثبطة للمناعة\",\"prevention\":\"إدارة الأمراض المزمنة\",\"category\":\"التهابات العين\",\"score\":0,\"percentage\":\"0.00\"},{\"id\":11,\"disease_name\":\"انغلاق الزاوية الحاد\",\"description\":\"ارتفاع مفاجئ في ضغط العين\",\"symptoms\":\"ألم شديد، غثيان، رؤية هالات\",\"causes\":\"تشريح ضيق للزاوية الأمامية للعين\",\"treatments\":\"أدوية خفض الضغط، جراحة الليزر\",\"prevention\":\"فحص زاوية العين الدوري\",\"category\":\"الزَرَق (الجلوكوما)\",\"score\":0,\"percentage\":\"0.00\"},{\"id\":12,\"disease_name\":\"التهاب القناة الدمعية\",\"description\":\"انسداد أو التهاب في نظام تصريف الدموع\",\"symptoms\":\"دمعان مستمر، التهابات متكررة\",\"causes\":\"عدوى، أورام، تشوهات خلقية\",\"treatments\":\"المضادات الحيوية، الجراحة\",\"prevention\":\"النظافة الجيدة للعين\",\"category\":\"التهابات العين\",\"score\":0,\"percentage\":\"0.00\"},{\"id\":13,\"disease_name\":\"الورم الميلانيني العيني\",\"description\":\"سرطان يصيب الخلايا الصبغية في العين\",\"symptoms\":\"بقع داكنة في القزحية، تغيرات الرؤية\",\"causes\":\"التعرض للأشعة فوق البنفسجية، عوامل وراثية\",\"treatments\":\"العلاج الإشعاعي، الاستئصال الجراحي\",\"prevention\":\"فحص العين السنوي\",\"category\":\"أورام العين\",\"score\":0,\"percentage\":\"0.00\"},{\"id\":14,\"disease_name\":\"التهاب القرنية الهربسي\",\"description\":\"عدوى فيروسية في قرنية العين\",\"symptoms\":\"قرح مؤلمة، حساسية للضوء\",\"causes\":\"فيروس الهربس البسيط\",\"treatments\":\"الأدوية المضادة للفيروسات\",\"prevention\":\"منع تفشي الهربس الفموي\",\"category\":\"التهابات العين\",\"score\":0,\"percentage\":\"0.00\"},{\"id\":15,\"disease_name\":\"التهاب الشبكية الصباغي\",\"description\":\"اضطراب وراثي تنكسي في الشبكية\",\"symptoms\":\"العشى الليلي، فقدان الرؤية المحيطية\",\"causes\":\"طفرات جينية وراثية\",\"treatments\":\"فيتامين أ، الأجهزة المساعدة\",\"prevention\":\"الاستشارة الوراثية\",\"category\":\"أمراض وراثية\",\"score\":0,\"percentage\":\"0.00\"},{\"id\":16,\"disease_name\":\"الوذمة الحليمية\",\"description\":\"تورم العصب البصري عند نقطة دخوله العين\",\"symptoms\":\"فقدان الرؤية، صداع\",\"causes\":\"ارتفاع الضغط داخل الجمجمة، التهابات\",\"treatments\":\"علاج المسبب الرئيسي\",\"prevention\":\"مراقبة ضغط الدماغ\",\"category\":\"أمراض العصب البصري\",\"score\":0,\"percentage\":\"0.00\"},{\"id\":17,\"disease_name\":\"التهاب القرنية الشوكميبي\",\"description\":\"عدوى نادرة وخطيرة تسببها الأميبا\",\"symptoms\":\"ألم شديد، احمرار، فقدان البصر\",\"causes\":\"السباحة بالعدسات، سوء التعقيم\",\"treatments\":\"المطهرات الخاصة، الزراعة\",\"prevention\":\"العناية بالعدسات اللاصقة\",\"category\":\"التهابات العين\",\"score\":0,\"percentage\":\"0.00\"},{\"id\":18,\"disease_name\":\"الانفصال الزجاجي\",\"description\":\"انفصال الجسم الزجاجي عن الشبكية\",\"symptoms\":\"عوائم مفاجئة، ومضات ضوئية\",\"causes\":\"التقدم في السن، قصر النظر الشديد\",\"treatments\":\"المراقبة، الجراحة في الحالات الخطرة\",\"prevention\":\"فحص العين عند ظهور الأعراض\",\"category\":\"أمراض الجسم الزجاجي\",\"score\":0,\"percentage\":\"0.00\"},{\"id\":19,\"disease_name\":\"التهاب العنبية\",\"description\":\"التهاب الطبقة الوسطى من أنسجة العين\",\"symptoms\":\"ألم، احمرار، حساسية للضوء\",\"causes\":\"أمراض المناعة الذاتية، العدوى\",\"treatments\":\"الستيرويدات، الأدوية المثبطة للمناعة\",\"prevention\":\"إدارة الأمراض المزمنة\",\"category\":\"التهابات العين\",\"score\":0,\"percentage\":\"0.00\"},{\"id\":20,\"disease_name\":\"التهاب العين الدرقي\",\"description\":\"مضاعفات مرتبطة بمرض جريفز\",\"symptoms\":\"جحوظ العينين، ازدواج الرؤية\",\"causes\":\"اضطرابات الغدة الدرقية\",\"treatments\":\"الستيرويدات، الجراحة\",\"prevention\":\"التحكم في نشاط الغدة الدرقية\",\"category\":\"أمراض مناعية\",\"score\":0,\"percentage\":\"0.00\"},{\"id\":21,\"disease_name\":\"التهاب القرنية الجاف\",\"description\":\"جفاف شديد في سطح القرنية\",\"symptoms\":\"حرقة، شعور بوجود رمل، احمرار\",\"causes\":\"متلازمة سجوجرن، أدوية معينة\",\"treatments\":\"المرطبات، سدادات القنوات الدمعية\",\"prevention\":\"تجنب البيئات الجافة\",\"category\":\"أمراض سطح العين\",\"score\":0,\"percentage\":\"0.00\"},{\"id\":22,\"disease_name\":\"التهاب القرنية الفيروسي\",\"description\":\"عدوى فيروسية في القرنية\",\"symptoms\":\"تقرحات، ألم، ضبابية الرؤية\",\"causes\":\"الفيروسات الهربسية، الفيروسات الغدانية\",\"treatments\":\"الأدوية المضادة للفيروسات\",\"prevention\":\"النظافة الشخصية الجيدة\",\"category\":\"التهابات العين\",\"score\":0,\"percentage\":\"0.00\"},{\"id\":23,\"disease_name\":\"الوذمة اللمفية القرنية\",\"description\":\"تراكم السوائل اللمفية في القرنية\",\"symptoms\":\"ضبابية الرؤية، تورم القرنية\",\"causes\":\"إصابات العين، جراحات سابقة\",\"treatments\":\"المرطبات، الجراحة\",\"prevention\":\"حماية العين من الإصابات\",\"category\":\"أمراض القرنية\",\"score\":0,\"percentage\":\"0.00\"},{\"id\":24,\"disease_name\":\"التهاب الملتحمة التحسسي\",\"description\":\"تفاعل تحسسي في الغشاء الملتحمي\",\"symptoms\":\"حكة شديدة، دمعان، تورم الجفون\",\"causes\":\"حبوب اللقاح، عث الغبار\",\"treatments\":\"مضادات الهيستامين، تجنب المسببات\",\"prevention\":\"التحكم في البيئة المحيطة\",\"category\":\"أمراض حساسية\",\"score\":0,\"percentage\":\"0.00\"},{\"id\":25,\"disease_name\":\"التهاب القرنية البكتيري\",\"description\":\"عدوى بكتيرية في القرنية\",\"symptoms\":\"قرحة مؤلمة، إفرازات صديدية\",\"causes\":\"الإصابات، سوء استخدام العدسات\",\"treatments\":\"المضادات الحيوية الموضعية\",\"prevention\":\"تعقيم العدسات اللاصقة\",\"category\":\"التهابات العين\",\"score\":0,\"percentage\":\"0.00\"},{\"id\":26,\"disease_name\":\"التهاب الشبكية النضحي\",\"description\":\"التهاب يصيب الشبكية مع إفرازات\",\"symptoms\":\"عوائم، فقدان الرؤية المركزية\",\"causes\":\"التهابات جهازية، أمراض المناعة\",\"treatments\":\"علاج المرض الأساسي، الستيرويدات\",\"prevention\":\"الكشف المبكر عن الأمراض الجهازية\",\"category\":\"أمراض الشبكية\",\"score\":0,\"percentage\":\"0.00\"},{\"id\":27,\"disease_name\":\"التهاب القرنية الشريطي\",\"description\":\"ترسبات كلسية في سطح القرنية\",\"symptoms\":\"تهيج، رؤية ضبابية\",\"causes\":\"جفاف العين المزمن، التهاب القزحية\",\"treatments\":\"كشط الترسبات، المرطبات\",\"prevention\":\"التحكم في الأمراض المسببة\",\"category\":\"أمراض القرنية\",\"score\":0,\"percentage\":\"0.00\"},{\"id\":28,\"disease_name\":\"التهاب العين الفطري\",\"description\":\"عدوى فطرية في أنسجة العين\",\"symptoms\":\"ألم، احمرار، إفرازات سميكة\",\"causes\":\"الإصابات النباتية، المناعة الضعيفة\",\"treatments\":\"الأدوية المضادة للفطريات\",\"prevention\":\"حماية العين أثناء الأنشطة الخارجية\",\"category\":\"التهابات العين\",\"score\":0,\"percentage\":\"0.00\"},{\"id\":29,\"disease_name\":\"التهاب القرنية الفقاعي\",\"description\":\"تكون فقاعات مؤلمة على القرنية\",\"symptoms\":\"ألم شديد، حساسية للضوء\",\"causes\":\"أمراض القرنية المزمنة، الجراحة\",\"treatments\":\"المرطبات، العدسات العلاجية\",\"prevention\":\"العلاج المبكر لمشاكل القرنية\",\"category\":\"أمراض القرنية\",\"score\":0,\"percentage\":\"0.00\"},{\"id\":30,\"disease_name\":\"التهاب القزحية الأمامي\",\"description\":\"التهاب الحجرة الأمامية للعين\",\"symptoms\":\"ألم، احمرار، تغير في شكل الحدقة\",\"causes\":\"أمراض المناعة، العدوى\",\"treatments\":\"قطرات الستيرويد، توسيع الحدقة\",\"prevention\":\"إدارة الأمراض المزمنة\",\"category\":\"التهابات العين\",\"score\":0,\"percentage\":\"0.00\"},{\"id\":32,\"disease_name\":\"التهاب القرنية الترسيبي\",\"description\":\"ترسب مواد غريبة في القرنية\",\"symptoms\":\"تهيج، رؤية ضبابية\",\"causes\":\"تعرض للغبار المعدني، أمراض التمثيل الغذائي\",\"treatments\":\"الإزالة الجراحية، العلاج بالليزر\",\"prevention\":\"ارتداء نظارات الوقاية\",\"category\":\"أمراض القرنية\",\"score\":0,\"percentage\":\"0.00\"}]', '2025-03-08 14:44:44'),
(17, 15, '[{\"id\":1,\"disease_name\":\"الظفرة\",\"description\":\"نمو نسيج ملتحمة العين على القرنية\",\"symptoms\":\"احمرار، تهيج، شعور بوجود جسم غريب\",\"causes\":\"التعرض للأشعة فوق البنفسجية، الجفاف\",\"treatments\":\"المرطبات، الجراحة\",\"prevention\":\"ارتداء النظارات الشمسية\",\"category\":\"\",\"score\":1,\"percentage\":\"3.23\"},{\"id\":2,\"disease_name\":\"الانكسار الضوئي غير المنتظم\",\"description\":\"تشوه في شكل القرنية أو العدسة\",\"symptoms\":\"رؤية مشوشة، صعوبة في الرؤية الليلية\",\"causes\":\"القرنية المخروطية، إصابات العين\",\"treatments\":\"عدسات لاصقة خاصة، جراحة الليزك\",\"prevention\":\"فحوصات العين الدورية\",\"category\":\"أخطاء انكسارية\",\"score\":0,\"percentage\":\"0.00\"},{\"id\":3,\"disease_name\":\"التهاب العصب البصري\",\"description\":\"التهاب العصب المسؤول عن نقل الإشارات البصرية\",\"symptoms\":\"ألم عند حركة العين، فقدان الرؤية المؤقت\",\"causes\":\"أمراض المناعة الذاتية، التصلب المتعدد\",\"treatments\":\"الكورتيكوستيرويدات الوريدية\",\"prevention\":\"علاج الأمراض المسببة\",\"category\":\"التهابات العين\",\"score\":0,\"percentage\":\"0.00\"},{\"id\":4,\"disease_name\":\"الحَوَل\",\"description\":\"اختلال في محاذاة العينين\",\"symptoms\":\"ازدواجية الرؤية، إمالة الرأس\",\"causes\":\"ضعف العضلات، مشاكل عصبية\",\"treatments\":\"النظارات، تمارين العين، الجراحة\",\"prevention\":\"الكشف المبكر عند الأطفال\",\"category\":\"اضطرابات عضلية\\/عصبية\",\"score\":0,\"percentage\":\"0.00\"},{\"id\":5,\"disease_name\":\"عمى الألوان\",\"description\":\"صعوبة تمييز ألوان معينة\",\"symptoms\":\"خلط بين الألوان خاصة الأحمر والأخضر\",\"causes\":\"عوامل وراثية، بعض الأدوية\",\"treatments\":\"عدلات لاصقة خاصة، تكييف البيئة\",\"prevention\":\"الفحص الجيني قبل الزواج\",\"category\":\"أمراض وراثية\",\"score\":0,\"percentage\":\"0.00\"},{\"id\":6,\"disease_name\":\"التهاب القرنية الفطري\",\"description\":\"عدوى فطرية في قرنية العين\",\"symptoms\":\"ألم شديد، احمرار، ضبابية الرؤية\",\"causes\":\"إصابات بالنباتات، عدسات لاصقة ملوثة\",\"treatments\":\"الأدوية المضادة للفطريات\",\"prevention\":\"تعقيم العدسات اللاصقة\",\"category\":\"التهابات العين\",\"score\":0,\"percentage\":\"0.00\"},{\"id\":7,\"disease_name\":\"التهاب الجيوب الحجاجية\",\"description\":\"التهاب التجاويف حول مقلة العين\",\"symptoms\":\"ألم حول العين، تورم الجفون\",\"causes\":\"التهابات الجيوب الأنفية، عدوى بكتيرية\",\"treatments\":\"المضادات الحيوية، الجراحة\",\"prevention\":\"علاج التهابات الجيوب الأنفية\",\"category\":\"التهابات العين\",\"score\":0,\"percentage\":\"0.00\"},{\"id\":8,\"disease_name\":\"اعتلال الشبكية الخداجي\",\"description\":\"تطور غير طبيعي للأوعية الدموية في عيون الخدج\",\"symptoms\":\"نمو أوعية دموية غير طبيعية\",\"causes\":\"الولادة المبكرة، الأكسجين المركز\",\"treatments\":\"العلاج بالليزر، حقن الأدوية\",\"prevention\":\"مراقبة حديثي الولادة الخدج\",\"category\":\"أمراض الشبكية\",\"score\":0,\"percentage\":\"0.00\"},{\"id\":9,\"disease_name\":\"الوذمة البقعية\",\"description\":\"تراكم السوائل في المنطقة المركزية للشبكية\",\"symptoms\":\"تشوه في الرؤية المركزية، ألوان باهتة\",\"causes\":\"السكري، انسداد الأوردة الشبكية\",\"treatments\":\"حقن مضادات VEGF، الليزر\",\"prevention\":\"التحكم في سكر الدم\",\"category\":\"أمراض الشبكية\",\"score\":0,\"percentage\":\"0.00\"},{\"id\":10,\"disease_name\":\"التهاب الصلبة\",\"description\":\"التهاب الطبقة البيضاء الخارجية للعين\",\"symptoms\":\"ألم عميق، احمرار موضعي، حساسية للضوء\",\"causes\":\"أمراض المناعة الذاتية، العدوى\",\"treatments\":\"الكورتيكوستيرويدات، الأدوية المثبطة للمناعة\",\"prevention\":\"إدارة الأمراض المزمنة\",\"category\":\"التهابات العين\",\"score\":0,\"percentage\":\"0.00\"},{\"id\":11,\"disease_name\":\"انغلاق الزاوية الحاد\",\"description\":\"ارتفاع مفاجئ في ضغط العين\",\"symptoms\":\"ألم شديد، غثيان، رؤية هالات\",\"causes\":\"تشريح ضيق للزاوية الأمامية للعين\",\"treatments\":\"أدوية خفض الضغط، جراحة الليزر\",\"prevention\":\"فحص زاوية العين الدوري\",\"category\":\"الزَرَق (الجلوكوما)\",\"score\":0,\"percentage\":\"0.00\"},{\"id\":12,\"disease_name\":\"التهاب القناة الدمعية\",\"description\":\"انسداد أو التهاب في نظام تصريف الدموع\",\"symptoms\":\"دمعان مستمر، التهابات متكررة\",\"causes\":\"عدوى، أورام، تشوهات خلقية\",\"treatments\":\"المضادات الحيوية، الجراحة\",\"prevention\":\"النظافة الجيدة للعين\",\"category\":\"التهابات العين\",\"score\":0,\"percentage\":\"0.00\"},{\"id\":13,\"disease_name\":\"الورم الميلانيني العيني\",\"description\":\"سرطان يصيب الخلايا الصبغية في العين\",\"symptoms\":\"بقع داكنة في القزحية، تغيرات الرؤية\",\"causes\":\"التعرض للأشعة فوق البنفسجية، عوامل وراثية\",\"treatments\":\"العلاج الإشعاعي، الاستئصال الجراحي\",\"prevention\":\"فحص العين السنوي\",\"category\":\"أورام العين\",\"score\":0,\"percentage\":\"0.00\"},{\"id\":14,\"disease_name\":\"التهاب القرنية الهربسي\",\"description\":\"عدوى فيروسية في قرنية العين\",\"symptoms\":\"قرح مؤلمة، حساسية للضوء\",\"causes\":\"فيروس الهربس البسيط\",\"treatments\":\"الأدوية المضادة للفيروسات\",\"prevention\":\"منع تفشي الهربس الفموي\",\"category\":\"التهابات العين\",\"score\":0,\"percentage\":\"0.00\"},{\"id\":15,\"disease_name\":\"التهاب الشبكية الصباغي\",\"description\":\"اضطراب وراثي تنكسي في الشبكية\",\"symptoms\":\"العشى الليلي، فقدان الرؤية المحيطية\",\"causes\":\"طفرات جينية وراثية\",\"treatments\":\"فيتامين أ، الأجهزة المساعدة\",\"prevention\":\"الاستشارة الوراثية\",\"category\":\"أمراض وراثية\",\"score\":0,\"percentage\":\"0.00\"},{\"id\":16,\"disease_name\":\"الوذمة الحليمية\",\"description\":\"تورم العصب البصري عند نقطة دخوله العين\",\"symptoms\":\"فقدان الرؤية، صداع\",\"causes\":\"ارتفاع الضغط داخل الجمجمة، التهابات\",\"treatments\":\"علاج المسبب الرئيسي\",\"prevention\":\"مراقبة ضغط الدماغ\",\"category\":\"أمراض العصب البصري\",\"score\":0,\"percentage\":\"0.00\"},{\"id\":17,\"disease_name\":\"التهاب القرنية الشوكميبي\",\"description\":\"عدوى نادرة وخطيرة تسببها الأميبا\",\"symptoms\":\"ألم شديد، احمرار، فقدان البصر\",\"causes\":\"السباحة بالعدسات، سوء التعقيم\",\"treatments\":\"المطهرات الخاصة، الزراعة\",\"prevention\":\"العناية بالعدسات اللاصقة\",\"category\":\"التهابات العين\",\"score\":0,\"percentage\":\"0.00\"},{\"id\":18,\"disease_name\":\"الانفصال الزجاجي\",\"description\":\"انفصال الجسم الزجاجي عن الشبكية\",\"symptoms\":\"عوائم مفاجئة، ومضات ضوئية\",\"causes\":\"التقدم في السن، قصر النظر الشديد\",\"treatments\":\"المراقبة، الجراحة في الحالات الخطرة\",\"prevention\":\"فحص العين عند ظهور الأعراض\",\"category\":\"أمراض الجسم الزجاجي\",\"score\":0,\"percentage\":\"0.00\"},{\"id\":19,\"disease_name\":\"التهاب العنبية\",\"description\":\"التهاب الطبقة الوسطى من أنسجة العين\",\"symptoms\":\"ألم، احمرار، حساسية للضوء\",\"causes\":\"أمراض المناعة الذاتية، العدوى\",\"treatments\":\"الستيرويدات، الأدوية المثبطة للمناعة\",\"prevention\":\"إدارة الأمراض المزمنة\",\"category\":\"التهابات العين\",\"score\":0,\"percentage\":\"0.00\"},{\"id\":20,\"disease_name\":\"التهاب العين الدرقي\",\"description\":\"مضاعفات مرتبطة بمرض جريفز\",\"symptoms\":\"جحوظ العينين، ازدواج الرؤية\",\"causes\":\"اضطرابات الغدة الدرقية\",\"treatments\":\"الستيرويدات، الجراحة\",\"prevention\":\"التحكم في نشاط الغدة الدرقية\",\"category\":\"أمراض مناعية\",\"score\":0,\"percentage\":\"0.00\"},{\"id\":21,\"disease_name\":\"التهاب القرنية الجاف\",\"description\":\"جفاف شديد في سطح القرنية\",\"symptoms\":\"حرقة، شعور بوجود رمل، احمرار\",\"causes\":\"متلازمة سجوجرن، أدوية معينة\",\"treatments\":\"المرطبات، سدادات القنوات الدمعية\",\"prevention\":\"تجنب البيئات الجافة\",\"category\":\"أمراض سطح العين\",\"score\":0,\"percentage\":\"0.00\"},{\"id\":22,\"disease_name\":\"التهاب القرنية الفيروسي\",\"description\":\"عدوى فيروسية في القرنية\",\"symptoms\":\"تقرحات، ألم، ضبابية الرؤية\",\"causes\":\"الفيروسات الهربسية، الفيروسات الغدانية\",\"treatments\":\"الأدوية المضادة للفيروسات\",\"prevention\":\"النظافة الشخصية الجيدة\",\"category\":\"التهابات العين\",\"score\":0,\"percentage\":\"0.00\"},{\"id\":23,\"disease_name\":\"الوذمة اللمفية القرنية\",\"description\":\"تراكم السوائل اللمفية في القرنية\",\"symptoms\":\"ضبابية الرؤية، تورم القرنية\",\"causes\":\"إصابات العين، جراحات سابقة\",\"treatments\":\"المرطبات، الجراحة\",\"prevention\":\"حماية العين من الإصابات\",\"category\":\"أمراض القرنية\",\"score\":0,\"percentage\":\"0.00\"},{\"id\":24,\"disease_name\":\"التهاب الملتحمة التحسسي\",\"description\":\"تفاعل تحسسي في الغشاء الملتحمي\",\"symptoms\":\"حكة شديدة، دمعان، تورم الجفون\",\"causes\":\"حبوب اللقاح، عث الغبار\",\"treatments\":\"مضادات الهيستامين، تجنب المسببات\",\"prevention\":\"التحكم في البيئة المحيطة\",\"category\":\"أمراض حساسية\",\"score\":0,\"percentage\":\"0.00\"},{\"id\":25,\"disease_name\":\"التهاب القرنية البكتيري\",\"description\":\"عدوى بكتيرية في القرنية\",\"symptoms\":\"قرحة مؤلمة، إفرازات صديدية\",\"causes\":\"الإصابات، سوء استخدام العدسات\",\"treatments\":\"المضادات الحيوية الموضعية\",\"prevention\":\"تعقيم العدسات اللاصقة\",\"category\":\"التهابات العين\",\"score\":0,\"percentage\":\"0.00\"},{\"id\":26,\"disease_name\":\"التهاب الشبكية النضحي\",\"description\":\"التهاب يصيب الشبكية مع إفرازات\",\"symptoms\":\"عوائم، فقدان الرؤية المركزية\",\"causes\":\"التهابات جهازية، أمراض المناعة\",\"treatments\":\"علاج المرض الأساسي، الستيرويدات\",\"prevention\":\"الكشف المبكر عن الأمراض الجهازية\",\"category\":\"أمراض الشبكية\",\"score\":0,\"percentage\":\"0.00\"},{\"id\":27,\"disease_name\":\"التهاب القرنية الشريطي\",\"description\":\"ترسبات كلسية في سطح القرنية\",\"symptoms\":\"تهيج، رؤية ضبابية\",\"causes\":\"جفاف العين المزمن، التهاب القزحية\",\"treatments\":\"كشط الترسبات، المرطبات\",\"prevention\":\"التحكم في الأمراض المسببة\",\"category\":\"أمراض القرنية\",\"score\":0,\"percentage\":\"0.00\"},{\"id\":28,\"disease_name\":\"التهاب العين الفطري\",\"description\":\"عدوى فطرية في أنسجة العين\",\"symptoms\":\"ألم، احمرار، إفرازات سميكة\",\"causes\":\"الإصابات النباتية، المناعة الضعيفة\",\"treatments\":\"الأدوية المضادة للفطريات\",\"prevention\":\"حماية العين أثناء الأنشطة الخارجية\",\"category\":\"التهابات العين\",\"score\":0,\"percentage\":\"0.00\"},{\"id\":29,\"disease_name\":\"التهاب القرنية الفقاعي\",\"description\":\"تكون فقاعات مؤلمة على القرنية\",\"symptoms\":\"ألم شديد، حساسية للضوء\",\"causes\":\"أمراض القرنية المزمنة، الجراحة\",\"treatments\":\"المرطبات، العدسات العلاجية\",\"prevention\":\"العلاج المبكر لمشاكل القرنية\",\"category\":\"أمراض القرنية\",\"score\":0,\"percentage\":\"0.00\"},{\"id\":30,\"disease_name\":\"التهاب القزحية الأمامي\",\"description\":\"التهاب الحجرة الأمامية للعين\",\"symptoms\":\"ألم، احمرار، تغير في شكل الحدقة\",\"causes\":\"أمراض المناعة، العدوى\",\"treatments\":\"قطرات الستيرويد، توسيع الحدقة\",\"prevention\":\"إدارة الأمراض المزمنة\",\"category\":\"التهابات العين\",\"score\":0,\"percentage\":\"0.00\"},{\"id\":31,\"disease_name\":\"التهاب الشبكية المضاد للفيروسات\",\"description\":\"عدوى فيروسية في الشبكية\",\"symptoms\":\"فقدان الرؤية المفاجئ، عوائم\",\"causes\":\"الفيروس المضخم للخلايا، الإيدز\",\"treatments\":\"الأدوية المضادة للفيروسات\",\"prevention\":\"تعزيز المناعة، العلاج الوقائي\",\"category\":\"التهابات العين\",\"score\":0,\"percentage\":\"0.00\"},{\"id\":32,\"disease_name\":\"التهاب القرنية الترسيبي\",\"description\":\"ترسب مواد غريبة في القرنية\",\"symptoms\":\"تهيج، رؤية ضبابية\",\"causes\":\"تعرض للغبار المعدني، أمراض التمثيل الغذائي\",\"treatments\":\"الإزالة الجراحية، العلاج بالليزر\",\"prevention\":\"ارتداء نظارات الوقاية\",\"category\":\"أمراض القرنية\",\"score\":0,\"percentage\":\"0.00\"}]', '2025-03-08 15:00:17');

-- --------------------------------------------------------

--
-- بنية الجدول `doctors`
--

CREATE TABLE `doctors` (
  `id` int(6) UNSIGNED NOT NULL,
  `name` varchar(50) NOT NULL,
  `specialty` varchar(100) NOT NULL,
  `email` varchar(100) NOT NULL,
  `image` varchar(255) NOT NULL
) ENGINE=InnoDB DEFAULT CHARSET=utf8mb4 COLLATE=utf8mb4_unicode_ci;

--
-- إرجاع أو استيراد بيانات الجدول `doctors`
--

INSERT INTO `doctors` (`id`, `name`, `specialty`, `email`, `image`) VALUES
(1, 'د. أحمد محمد', 'جراحة العيون', 'ahmed@example.com', '8657282593470937ea053f44d002601a_high.webp'),
(2, 'د. فاطمة علي', 'تصحيح النظر', 'fatimaa@example.com', '8657282593470937ea053f44d00261a_high.webp');

-- --------------------------------------------------------

--
-- بنية الجدول `eye_diseases`
--

CREATE TABLE `eye_diseases` (
  `id` int(11) NOT NULL,
  `disease_name` varchar(255) NOT NULL,
  `description` text DEFAULT NULL,
  `symptoms` text DEFAULT NULL,
  `causes` text DEFAULT NULL,
  `treatments` text DEFAULT NULL,
  `prevention` text DEFAULT NULL,
  `category` varchar(100) DEFAULT NULL
) ENGINE=InnoDB DEFAULT CHARSET=utf8mb4 COLLATE=utf8mb4_unicode_ci;

--
-- إرجاع أو استيراد بيانات الجدول `eye_diseases`
--

INSERT INTO `eye_diseases` (`id`, `disease_name`, `description`, `symptoms`, `causes`, `treatments`, `prevention`, `category`) VALUES
(1, 'الظفرة', 'نمو نسيج ملتحمة العين على القرنية', 'احمرار، تهيج، شعور بوجود جسم غريب', 'التعرض للأشعة فوق البنفسجية، الجفاف', 'المرطبات، الجراحة', 'ارتداء النظارات الشمسية', ''),
(2, 'الانكسار الضوئي غير المنتظم', 'تشوه في شكل القرنية أو العدسة', 'رؤية مشوشة، صعوبة في الرؤية الليلية', 'القرنية المخروطية، إصابات العين', 'عدسات لاصقة خاصة، جراحة الليزك', 'فحوصات العين الدورية', 'أخطاء انكسارية'),
(3, 'التهاب العصب البصري', 'التهاب العصب المسؤول عن نقل الإشارات البصرية', 'ألم عند حركة العين، فقدان الرؤية المؤقت', 'أمراض المناعة الذاتية، التصلب المتعدد', 'الكورتيكوستيرويدات الوريدية', 'علاج الأمراض المسببة', 'التهابات العين'),
(4, 'الحَوَل', 'اختلال في محاذاة العينين', 'ازدواجية الرؤية، إمالة الرأس', 'ضعف العضلات، مشاكل عصبية', 'النظارات، تمارين العين، الجراحة', 'الكشف المبكر عند الأطفال', 'اضطرابات عضلية/عصبية'),
(5, 'عمى الألوان', 'صعوبة تمييز ألوان معينة', 'خلط بين الألوان خاصة الأحمر والأخضر', 'عوامل وراثية، بعض الأدوية', 'عدلات لاصقة خاصة، تكييف البيئة', 'الفحص الجيني قبل الزواج', 'أمراض وراثية'),
(6, 'التهاب القرنية الفطري', 'عدوى فطرية في قرنية العين', 'ألم شديد، احمرار، ضبابية الرؤية', 'إصابات بالنباتات، عدسات لاصقة ملوثة', 'الأدوية المضادة للفطريات', 'تعقيم العدسات اللاصقة', 'التهابات العين'),
(7, 'التهاب الجيوب الحجاجية', 'التهاب التجاويف حول مقلة العين', 'ألم حول العين، تورم الجفون', 'التهابات الجيوب الأنفية، عدوى بكتيرية', 'المضادات الحيوية، الجراحة', 'علاج التهابات الجيوب الأنفية', 'التهابات العين'),
(8, 'اعتلال الشبكية الخداجي', 'تطور غير طبيعي للأوعية الدموية في عيون الخدج', 'نمو أوعية دموية غير طبيعية', 'الولادة المبكرة، الأكسجين المركز', 'العلاج بالليزر، حقن الأدوية', 'مراقبة حديثي الولادة الخدج', 'أمراض الشبكية'),
(9, 'الوذمة البقعية', 'تراكم السوائل في المنطقة المركزية للشبكية', 'تشوه في الرؤية المركزية، ألوان باهتة', 'السكري، انسداد الأوردة الشبكية', 'حقن مضادات VEGF، الليزر', 'التحكم في سكر الدم', 'أمراض الشبكية'),
(10, 'التهاب الصلبة', 'التهاب الطبقة البيضاء الخارجية للعين', 'ألم عميق، احمرار موضعي، حساسية للضوء', 'أمراض المناعة الذاتية، العدوى', 'الكورتيكوستيرويدات، الأدوية المثبطة للمناعة', 'إدارة الأمراض المزمنة', 'التهابات العين'),
(11, 'انغلاق الزاوية الحاد', 'ارتفاع مفاجئ في ضغط العين', 'ألم شديد، غثيان، رؤية هالات', 'تشريح ضيق للزاوية الأمامية للعين', 'أدوية خفض الضغط، جراحة الليزر', 'فحص زاوية العين الدوري', 'الزَرَق (الجلوكوما)'),
(12, 'التهاب القناة الدمعية', 'انسداد أو التهاب في نظام تصريف الدموع', 'دمعان مستمر، التهابات متكررة', 'عدوى، أورام، تشوهات خلقية', 'المضادات الحيوية، الجراحة', 'النظافة الجيدة للعين', 'التهابات العين'),
(13, 'الورم الميلانيني العيني', 'سرطان يصيب الخلايا الصبغية في العين', 'بقع داكنة في القزحية، تغيرات الرؤية', 'التعرض للأشعة فوق البنفسجية، عوامل وراثية', 'العلاج الإشعاعي، الاستئصال الجراحي', 'فحص العين السنوي', 'أورام العين'),
(14, 'التهاب القرنية الهربسي', 'عدوى فيروسية في قرنية العين', 'قرح مؤلمة، حساسية للضوء', 'فيروس الهربس البسيط', 'الأدوية المضادة للفيروسات', 'منع تفشي الهربس الفموي', 'التهابات العين'),
(15, 'التهاب الشبكية الصباغي', 'اضطراب وراثي تنكسي في الشبكية', 'العشى الليلي، فقدان الرؤية المحيطية', 'طفرات جينية وراثية', 'فيتامين أ، الأجهزة المساعدة', 'الاستشارة الوراثية', 'أمراض وراثية'),
(16, 'الوذمة الحليمية', 'تورم العصب البصري عند نقطة دخوله العين', 'فقدان الرؤية، صداع', 'ارتفاع الضغط داخل الجمجمة، التهابات', 'علاج المسبب الرئيسي', 'مراقبة ضغط الدماغ', 'أمراض العصب البصري'),
(17, 'التهاب القرنية الشوكميبي', 'عدوى نادرة وخطيرة تسببها الأميبا', 'ألم شديد، احمرار، فقدان البصر', 'السباحة بالعدسات، سوء التعقيم', 'المطهرات الخاصة، الزراعة', 'العناية بالعدسات اللاصقة', 'التهابات العين'),
(18, 'الانفصال الزجاجي', 'انفصال الجسم الزجاجي عن الشبكية', 'عوائم مفاجئة، ومضات ضوئية', 'التقدم في السن، قصر النظر الشديد', 'المراقبة، الجراحة في الحالات الخطرة', 'فحص العين عند ظهور الأعراض', 'أمراض الجسم الزجاجي'),
(19, 'التهاب العنبية', 'التهاب الطبقة الوسطى من أنسجة العين', 'ألم، احمرار، حساسية للضوء', 'أمراض المناعة الذاتية، العدوى', 'الستيرويدات، الأدوية المثبطة للمناعة', 'إدارة الأمراض المزمنة', 'التهابات العين'),
(20, 'التهاب العين الدرقي', 'مضاعفات مرتبطة بمرض جريفز', 'جحوظ العينين، ازدواج الرؤية', 'اضطرابات الغدة الدرقية', 'الستيرويدات، الجراحة', 'التحكم في نشاط الغدة الدرقية', 'أمراض مناعية'),
(21, 'التهاب القرنية الجاف', 'جفاف شديد في سطح القرنية', 'حرقة، شعور بوجود رمل، احمرار', 'متلازمة سجوجرن، أدوية معينة', 'المرطبات، سدادات القنوات الدمعية', 'تجنب البيئات الجافة', 'أمراض سطح العين'),
(22, 'التهاب القرنية الفيروسي', 'عدوى فيروسية في القرنية', 'تقرحات، ألم، ضبابية الرؤية', 'الفيروسات الهربسية، الفيروسات الغدانية', 'الأدوية المضادة للفيروسات', 'النظافة الشخصية الجيدة', 'التهابات العين'),
(23, 'الوذمة اللمفية القرنية', 'تراكم السوائل اللمفية في القرنية', 'ضبابية الرؤية، تورم القرنية', 'إصابات العين، جراحات سابقة', 'المرطبات، الجراحة', 'حماية العين من الإصابات', 'أمراض القرنية'),
(24, 'التهاب الملتحمة التحسسي', 'تفاعل تحسسي في الغشاء الملتحمي', 'حكة شديدة، دمعان، تورم الجفون', 'حبوب اللقاح، عث الغبار', 'مضادات الهيستامين، تجنب المسببات', 'التحكم في البيئة المحيطة', 'أمراض حساسية'),
(25, 'التهاب القرنية البكتيري', 'عدوى بكتيرية في القرنية', 'قرحة مؤلمة، إفرازات صديدية', 'الإصابات، سوء استخدام العدسات', 'المضادات الحيوية الموضعية', 'تعقيم العدسات اللاصقة', 'التهابات العين'),
(26, 'التهاب الشبكية النضحي', 'التهاب يصيب الشبكية مع إفرازات', 'عوائم، فقدان الرؤية المركزية', 'التهابات جهازية، أمراض المناعة', 'علاج المرض الأساسي، الستيرويدات', 'الكشف المبكر عن الأمراض الجهازية', 'أمراض الشبكية'),
(27, 'التهاب القرنية الشريطي', 'ترسبات كلسية في سطح القرنية', 'تهيج، رؤية ضبابية', 'جفاف العين المزمن، التهاب القزحية', 'كشط الترسبات، المرطبات', 'التحكم في الأمراض المسببة', 'أمراض القرنية'),
(28, 'التهاب العين الفطري', 'عدوى فطرية في أنسجة العين', 'ألم، احمرار، إفرازات سميكة', 'الإصابات النباتية، المناعة الضعيفة', 'الأدوية المضادة للفطريات', 'حماية العين أثناء الأنشطة الخارجية', 'التهابات العين'),
(29, 'التهاب القرنية الفقاعي', 'تكون فقاعات مؤلمة على القرنية', 'ألم شديد، حساسية للضوء', 'أمراض القرنية المزمنة، الجراحة', 'المرطبات، العدسات العلاجية', 'العلاج المبكر لمشاكل القرنية', 'أمراض القرنية'),
(30, 'التهاب القزحية الأمامي', 'التهاب الحجرة الأمامية للعين', 'ألم، احمرار، تغير في شكل الحدقة', 'أمراض المناعة، العدوى', 'قطرات الستيرويد، توسيع الحدقة', 'إدارة الأمراض المزمنة', 'التهابات العين'),
(31, 'التهاب الشبكية المضاد للفيروسات', 'عدوى فيروسية في الشبكية', 'فقدان الرؤية المفاجئ، عوائم', 'الفيروس المضخم للخلايا، الإيدز', 'الأدوية المضادة للفيروسات', 'تعزيز المناعة، العلاج الوقائي', 'التهابات العين'),
(32, 'التهاب القرنية الترسيبي', 'ترسب مواد غريبة في القرنية', 'تهيج، رؤية ضبابية', 'تعرض للغبار المعدني، أمراض التمثيل الغذائي', 'الإزالة الجراحية، العلاج بالليزر', 'ارتداء نظارات الوقاية', 'أمراض القرنية');

-- --------------------------------------------------------

--
-- بنية الجدول `health_tips`
--

CREATE TABLE `health_tips` (
  `tip_id` int(11) NOT NULL,
  `title` varchar(255) NOT NULL,
  `content` text NOT NULL,
  `created_at` datetime DEFAULT current_timestamp(),
  `updated_at` datetime DEFAULT NULL ON UPDATE current_timestamp()
) ENGINE=InnoDB DEFAULT CHARSET=utf8mb4 COLLATE=utf8mb4_unicode_ci;

--
-- إرجاع أو استيراد بيانات الجدول `health_tips`
--

INSERT INTO `health_tips` (`tip_id`, `title`, `content`, `created_at`, `updated_at`) VALUES
(1, 'نصائح بسيطة لحماية عينيك كل يوم', ' طبق قاعدة 20-20-20: عند استخدام الشاشات، خذ استراحة كل 20 دقيقة وانظر إلى شيء على بُعد 20 قدمًا (6 أمتار) لمدة 20 ثانية. يقلل هذا الإجهاد ويحمي عينيك من التعب.  اشرب كمية كافية من الماء: الجفاف قد يسبب جفاف العينين. احرص على ترطيب جسمك بالماء، وتجنب الإفراط في الكافيين.  تناول أطعمة غنية بفيتامين أ: مثل الجزر، السبانخ، والسمك لدعم الرؤية وصحة الشبكية.  نصيحة إضافية: ارتدِ نظارات شمسية تحجب الأشعة فوق البنفسجية (UV) عند الخروج في النهار!  العناية الصغيرة اليومية تُحدث فرقًا كبيرًا على المدى الطويل. ', '2025-03-04 21:26:44', NULL);

-- --------------------------------------------------------

--
-- بنية الجدول `ishihara_images`
--

CREATE TABLE `ishihara_images` (
  `image_id` int(11) NOT NULL,
  `image_path` varchar(255) NOT NULL,
  `correct_answer` int(11) NOT NULL
) ENGINE=InnoDB DEFAULT CHARSET=utf8mb4 COLLATE=utf8mb4_unicode_ci;

--
-- إرجاع أو استيراد بيانات الجدول `ishihara_images`
--

INSERT INTO `ishihara_images` (`image_id`, `image_path`, `correct_answer`) VALUES
(16, '7-med.png', 7),
(17, '1-dark.png', 1),
(18, '6-light.png', 6),
(19, '8-light.png', 8),
(20, '3-light.png', 3),
(21, '9-dark.png', 9),
(22, '4-light2.png', 4),
(23, '2-light.png', 2),
(24, '5-med.png', 5),
(25, '6-dark.png', 6),
(26, '4-med.png', 4),
(27, '5-light.png', 5),
(28, '7-dark.png', 7),
(29, '2-dark.png', 2),
(30, '1-light.png', 1),
(31, '8-light2.png', 8),
(32, '9-light.png', 9),
(33, '3-med.png', 3);

-- --------------------------------------------------------

--
-- بنية الجدول `ishihara_tests`
--

CREATE TABLE `ishihara_tests` (
  `test_id` int(11) NOT NULL,
  `patient_id` int(11) DEFAULT NULL,
  `test_date` datetime DEFAULT current_timestamp()
) ENGINE=InnoDB DEFAULT CHARSET=utf8mb4 COLLATE=utf8mb4_unicode_ci;

--
-- إرجاع أو استيراد بيانات الجدول `ishihara_tests`
--

INSERT INTO `ishihara_tests` (`test_id`, `patient_id`, `test_date`) VALUES
(7, 1, '2025-03-08 05:09:38'),
(8, 1, '2025-03-08 05:12:53'),
(9, 15, '2025-03-08 15:04:13'),
(10, NULL, '2025-03-08 23:47:41'),
(11, NULL, '2025-03-08 23:50:23'),
(18, 1, '2025-03-09 00:24:08');

-- --------------------------------------------------------

--
-- بنية الجدول `medicines`
--

CREATE TABLE `medicines` (
  `id` int(11) NOT NULL,
  `name` varchar(255) NOT NULL,
  `generic_name` varchar(255) DEFAULT NULL,
  `uses` text DEFAULT NULL,
  `dosage` text DEFAULT NULL,
  `side_effects` text DEFAULT NULL,
  `manufacturer` varchar(255) DEFAULT NULL
) ENGINE=InnoDB DEFAULT CHARSET=utf8mb4 COLLATE=utf8mb4_unicode_ci;

--
-- إرجاع أو استيراد بيانات الجدول `medicines`
--

INSERT INTO `medicines` (`id`, `name`, `generic_name`, `uses`, `dosage`, `side_effects`, `manufacturer`) VALUES
(23, 'قطرات توبرميسين للعين', 'توبرميسين', 'التهابات العين البكتيريه', '1-2 قطرات كل 4-6 ساعات', 'تهيج العين، حكة، تورم', 'Alcon Laboratories'),
(24, 'مرهم أسيكلوفير للعين', 'أسيكلوفير', 'التهابات العين بفيروس الهربس البسيط', 'يوضع 5 مرات يومياً', 'وخز خفيف، عدم وضوح الرؤية', 'Bausch & Lomb'),
(25, 'محلول لاتانوبروست', 'لاتانوبروست', 'الزرق، ارتفاع ضغط العين', 'قطرة واحدة في العين المصابة يومياً', 'تغير لون العين، نمو الرموش', 'Pfizer'),
(26, 'قطرات ديكساميثازون للعين', 'ديكساميثازون', 'التهاب العين، الحساسية', '1-2 قطرات كل 4-6 ساعات', 'زيادة ضغط العين، إعتام عدسة العين', 'Novartis'),
(27, 'قطرات أولوباتادين', 'أولوباتادين', 'التهاب الملتحمة التحسسي', '1-2 مرات يومياً في العين المصابة', 'صداع، جفاف العين، حرقة', 'Alcon'),
(28, 'الدموع الاصطناعية', 'كربوكسي ميثيل سلولوز', 'متلازمة جفاف العين', '1-2 قطرات عند الحاجة', 'عدم وضوح الرؤية المؤقت', 'Allergan'),
(29, 'قطرات بريمونيدين', 'بريمونيدين تارتارات', 'الزرق مفتوح الزاوية', 'قطرة واحدة ثلاث مرات يومياً', 'جفاف الفم، تهيج العين', 'Allergan'),
(30, 'قطرات سيبروفلوكساسين', 'سيبروفلوكساسين', 'التهابات العين البكتيرية', '1-2 قطرات كل ساعتين', 'تكوين بلورات بيضاء، انزعاج', 'Akorn'),
(31, 'قطرات سيكلوبنتولات', 'سيكلوبنتولات', 'توسيع حدقة العين للفحص', '1-2 قطرات قبل الإجراء', 'عدم وضوح الرؤية، حساسية للضوء', 'Sandoz'),
(32, 'شرائط فلوريسئين صوديوم', 'فلوريسئين', 'كشف إصابات القرنية', 'حسب إرشادات الطبيب', 'تصبغ أصفر مؤقت', 'HUB Pharmaceuticals'),
(33, 'جل جانسيكلوفير للعين', 'جانسيكلوفير', 'التهاب الشبكية بالفيروس المضخم للخلايا', 'يوضع 5 مرات يومياً', 'تهيج العين، عدم وضوح الرؤية', 'Bausch & Lomb'),
(34, 'قطرات كيتورولاك', 'كيتورولاك تروميثامين', 'آلام ما بعد جراحة العين', 'قطرة واحدة أربع مرات يومياً', 'وخز، وذمة القرنية', 'Allergan'),
(35, 'قطرات بيلوكاربين', 'بيلوكاربين هيدروكلوريد', 'الزرق، تقبض الحدقة', '1-2 قطرات حتى أربع مرات يومياً', 'صداع، ألم في العين', 'Akorn'),
(36, 'قطرات تيمولول ماليات', 'تيمولول', 'الزرق، ارتفاع ضغط العين', 'قطرة واحدة مرتين يومياً', 'بطء القلب، تشنج قصبي', 'Merck & Co.'),
(37, 'قطرات تروبيكاميد', 'تروبيكاميد', 'توسيع الحدقة للفحص', '1-2 قطرات قبل الإجراء', 'عدم وضوح الرؤية المؤقت', 'Akorn'),
(38, 'تعليق ناتاميسين للعين', 'ناتاميسين', 'التهاب القرنية الفطري', 'قطرة واحدة كل 1-2 ساعة', 'تهيج العين، ألم', 'Alcon'),
(39, 'قطرات بيبوتاستين', 'بيبوتاستين بسيالات', 'التهاب الملتحمة التحسسي', 'قطرة واحدة مرتين يومياً', 'تهيج خفيف في العين', 'Bausch & Lomb'),
(40, 'قطرات دورزولاميد', 'دورزولاميد هيدروكلوريد', 'الزرق', 'قطرة واحدة ثلاث مرات يومياً', 'طعم مراري، حرقة في العين', 'Merck & Co.'),
(41, 'قطرات لوتيبريدنول', 'لوتيبريدنول إيتابونات', 'التهاب ما بعد الجراحة', '1-2 قطرات أربع مرات يومياً', 'زيادة ضغط العين', 'Bausch & Lomb'),
(42, 'حقنة رانيبيزوماب', 'رانيبيزوماب', 'الضمور البقعي الرطب', 'حقنة داخل الجسم الزجاجي شهرياً', 'عدوى العين، انفصال الشبكية', 'Genentech');

-- --------------------------------------------------------

--
-- بنية الجدول `menu_items`
--

CREATE TABLE `menu_items` (
  `item_id` int(11) NOT NULL,
  `item_name` varchar(50) NOT NULL,
  `item_link` varchar(255) NOT NULL,
  `display_order` int(11) NOT NULL
) ENGINE=InnoDB DEFAULT CHARSET=utf8mb4 COLLATE=utf8mb4_unicode_ci;

--
-- إرجاع أو استيراد بيانات الجدول `menu_items`
--

INSERT INTO `menu_items` (`item_id`, `item_name`, `item_link`, `display_order`) VALUES
(1, 'الرئيسية', 'homepage.php', 1),
(2, 'الاختبارات', 'paitent_login.php', 2),
(3, 'الامراض', 'diseases_client.php', 3),
(4, 'الموسوعة', 'medicine_client.php', 4),
(5, 'الاستشارات', 'consultations_client.php', 5),
(6, 'تواصل', 'content_client.php', 6),
(7, 'عنا', 'about_client.php', 7),
(15, 'العدسات', 'lenses_client.php', 5);

-- --------------------------------------------------------

--
-- بنية الجدول `messages`
--

CREATE TABLE `messages` (
  `id` int(6) UNSIGNED NOT NULL,
  `name` varchar(30) NOT NULL,
  `email` varchar(50) NOT NULL,
  `message` text NOT NULL,
  `reg_date` timestamp NOT NULL DEFAULT current_timestamp() ON UPDATE current_timestamp()
) ENGINE=InnoDB DEFAULT CHARSET=utf8mb4 COLLATE=utf8mb4_unicode_ci;

--
-- إرجاع أو استيراد بيانات الجدول `messages`
--

INSERT INTO `messages` (`id`, `name`, `email`, `message`, `reg_date`) VALUES
(11, 'mona', 'mona@gmail.com', 'mona', '2025-03-03 20:17:26'),
(19, 'mona', 'mona@gmail.com', 'mjgjhki', '2025-03-05 00:39:48'),
(20, 'mona', 'mona@gmail.com', 'mjgjhki', '2025-03-05 00:53:59'),
(21, 'mona', 'mona@gmail.com', 'mjgjhki', '2025-03-05 01:08:48'),
(22, 'mona', 'mona@gmail.com', 'mjgjhki', '2025-03-05 01:11:24'),
(23, 'mona', 'mona@gmail.com', 'mjgjhki', '2025-03-05 01:14:57'),
(24, 'mona', 'mona@gmail.com', 'mjgjhki', '2025-03-05 01:15:01'),
(25, 'mona', 'mona@gmail.com', 'mjgjhki', '2025-03-05 01:15:31'),
(26, 'mona', 'mona@gmail.com', 'mjgjhki', '2025-03-05 01:15:47'),
(27, 'alla', 'asalhabdalrhem@gmail.com', 'mona', '2025-03-05 01:16:06'),
(28, 'asalh abdalrahman', 'asalhabdalrhem@gmail.com', 'mona', '2025-03-08 19:49:41'),
(29, 'asalh abdalrahman', 'asalhabdalrhem@gmail.com', 'mona', '2025-03-08 20:03:32'),
(30, 'asalh abdalrahman', 'asalhabdalrhem@gmail.com', 'mona', '2025-03-08 20:03:40'),
(31, 'asalh abdalrahman', 'asalhabdalrhem@gmail.com', 'mona', '2025-03-08 20:03:43'),
(32, 'asalh abdalrahman', 'asalhabdalrhem@gmail.com', 'mona', '2025-03-08 20:03:46'),
(33, 'asalh abdalrahman', 'asalhabdalrhem@gmail.com', 'mona', '2025-03-08 20:06:22'),
(34, 'asalh abdalrahman', 'asalhabdalrhem@gmail.com', 'mona', '2025-03-08 20:06:29'),
(35, 'asalh abdalrahman', 'asalhabdalrhem@gmail.com', 'mona', '2025-03-08 20:17:01'),
(36, 'asalh abdalrahman', 'asalhabdalrhem@gmail.com', 'mona', '2025-03-08 20:17:18'),
(37, 'asalh abdalrahman', 'asalhabdalrhem@gmail.com', 'mona', '2025-03-08 20:18:11'),
(38, 'asalh abdalrahman', 'asalhabdalrhem@gmail.com', 'mona', '2025-03-08 20:36:41'),
(39, 'asalh abdalrahman', 'asalhabdalrhem@gmail.com', 'mona', '2025-03-08 21:26:32');

-- --------------------------------------------------------

--
-- بنية الجدول `patient`
--

CREATE TABLE `patient` (
  `id` int(11) NOT NULL,
  `name` varchar(255) NOT NULL,
  `email` varchar(255) NOT NULL,
  `password` varchar(255) NOT NULL,
  `birthdate` date NOT NULL,
  `gender` enum('ذكر','أنثى') NOT NULL,
  `phone` varchar(20) NOT NULL,
  `created_at` timestamp NOT NULL DEFAULT current_timestamp()
) ENGINE=InnoDB DEFAULT CHARSET=utf8mb4 COLLATE=utf8mb4_unicode_ci;

--
-- إرجاع أو استيراد بيانات الجدول `patient`
--

INSERT INTO `patient` (`id`, `name`, `email`, `password`, `birthdate`, `gender`, `phone`, `created_at`) VALUES
(1, 'mona mohammed', 'mona@gmail.com', '$2y$10$sxArIWy8igMQ1VHOuDaLBekFKh8O0yyF.3FjXRQhcROUOsDy9XNLO', '2003-08-02', 'أنثى', '775241754', '2025-03-05 10:49:46'),
(2, ' alaa', 'test@example.com', '', '0000-00-00', 'ذكر', '', '2025-03-05 20:20:45'),
(14, 'مريض جديد', '', '', '0000-00-00', 'ذكر', '', '2025-03-05 21:24:30'),
(15, 'alla', 'asalhabdalrhem@gmail.com', '$2y$10$i6sIMfMWfBOur8w/xgSdv.Zq1iELa7dFGcZPOXXwFFGxtE9S5xZTm', '2025-03-12', 'أنثى', '0775241754', '2025-03-08 11:44:19');

-- --------------------------------------------------------

--
-- بنية الجدول `reports_senllen`
--

CREATE TABLE `reports_senllen` (
  `id` int(6) UNSIGNED NOT NULL,
  `patient_id` int(6) DEFAULT NULL,
  `results` text DEFAULT NULL,
  `test_date` timestamp NOT NULL DEFAULT current_timestamp()
) ENGINE=InnoDB DEFAULT CHARSET=utf8mb4 COLLATE=utf8mb4_unicode_ci;

--
-- إرجاع أو استيراد بيانات الجدول `reports_senllen`
--

INSERT INTO `reports_senllen` (`id`, `patient_id`, `results`, `test_date`) VALUES
(1, 1, '\"[{\\\"value\\\":\\\"200\\\",\\\"correct\\\":true},{\\\"value\\\":\\\"100\\\",\\\"correct\\\":true},{\\\"value\\\":\\\"70\\\",\\\"correct\\\":true},{\\\"value\\\":\\\"50\\\",\\\"correct\\\":true},{\\\"value\\\":\\\"40\\\",\\\"correct\\\":true},{\\\"value\\\":\\\"30\\\",\\\"correct\\\":true},{\\\"value\\\":\\\"20\\\",\\\"correct\\\":true}]\"', '2025-03-07 12:10:07'),
(2, 1, '\"[{\\\"value\\\":\\\"200\\\",\\\"correct\\\":true},{\\\"value\\\":\\\"100\\\",\\\"correct\\\":false},{\\\"value\\\":\\\"70\\\",\\\"correct\\\":false},{\\\"value\\\":\\\"50\\\",\\\"correct\\\":false},{\\\"value\\\":\\\"40\\\",\\\"correct\\\":false},{\\\"value\\\":\\\"30\\\",\\\"correct\\\":false},{\\\"value\\\":\\\"20\\\",\\\"correct\\\":false}]\"', '2025-03-07 12:14:47'),
(3, 1, '[{\"value\":\"200\",\"correct\":false},{\"value\":\"100\",\"correct\":true},{\"value\":\"70\",\"correct\":false},{\"value\":\"50\",\"correct\":false},{\"value\":\"40\",\"correct\":false},{\"value\":\"30\",\"correct\":false},{\"value\":\"20\",\"correct\":false}]', '2025-03-07 12:20:55'),
(4, 1, '[{\"value\":\"200\",\"correct\":true},{\"value\":\"100\",\"correct\":true},{\"value\":\"70\",\"correct\":true},{\"value\":\"50\",\"correct\":true},{\"value\":\"40\",\"correct\":true},{\"value\":\"30\",\"correct\":true},{\"value\":\"20\",\"correct\":true}]', '2025-03-07 12:22:59'),
(5, 1, '[{\"value\":\"200\",\"correct\":false},{\"value\":\"100\",\"correct\":false},{\"value\":\"70\",\"correct\":false},{\"value\":\"50\",\"correct\":false},{\"value\":\"40\",\"correct\":false},{\"value\":\"30\",\"correct\":true},{\"value\":\"20\",\"correct\":true}]', '2025-03-07 12:23:08'),
(6, 1, '[{\"value\":\"200\",\"correct\":true},{\"value\":\"100\",\"correct\":false},{\"value\":\"70\",\"correct\":false},{\"value\":\"50\",\"correct\":false},{\"value\":\"40\",\"correct\":false},{\"value\":\"30\",\"correct\":false},{\"value\":\"20\",\"correct\":false}]', '2025-03-07 12:23:13'),
(7, 1, '[{\"value\":\"200\",\"correct\":true},{\"value\":\"100\",\"correct\":true},{\"value\":\"70\",\"correct\":true},{\"value\":\"50\",\"correct\":false},{\"value\":\"40\",\"correct\":false},{\"value\":\"30\",\"correct\":false},{\"value\":\"20\",\"correct\":false}]', '2025-03-07 12:23:19'),
(8, 1, '[{\"value\":\"200\",\"correct\":false},{\"value\":\"100\",\"correct\":false},{\"value\":\"70\",\"correct\":false},{\"value\":\"50\",\"correct\":true},{\"value\":\"40\",\"correct\":true},{\"value\":\"30\",\"correct\":false},{\"value\":\"20\",\"correct\":false}]', '2025-03-07 12:23:28'),
(9, 1, '[{\"value\":\"200\",\"correct\":false},{\"value\":\"100\",\"correct\":false},{\"value\":\"70\",\"correct\":false},{\"value\":\"50\",\"correct\":false},{\"value\":\"40\",\"correct\":false},{\"value\":\"30\",\"correct\":false},{\"value\":\"20\",\"correct\":false},{\"value\":\"15\",\"correct\":false},{\"value\":\"10\",\"correct\":true}]', '2025-03-07 12:27:01'),
(10, 1, '[{\"value\":\"200\",\"correct\":true},{\"value\":\"100\",\"correct\":false},{\"value\":\"70\",\"correct\":false},{\"value\":\"50\",\"correct\":false},{\"value\":\"40\",\"correct\":false},{\"value\":\"30\",\"correct\":false},{\"value\":\"20\",\"correct\":false},{\"value\":\"15\",\"correct\":false},{\"value\":\"10\",\"correct\":true}]', '2025-03-07 12:27:10'),
(11, 1, '[{\"value\":\"200\",\"correct\":false},{\"value\":\"100\",\"correct\":false},{\"value\":\"70\",\"correct\":false},{\"value\":\"50\",\"correct\":false},{\"value\":\"40\",\"correct\":false},{\"value\":\"30\",\"correct\":false},{\"value\":\"20\",\"correct\":false},{\"value\":\"15\",\"correct\":false},{\"value\":\"10\",\"correct\":false}]', '2025-03-07 12:27:13'),
(12, 1, '[{\"value\":\"200\",\"correct\":true},{\"value\":\"100\",\"correct\":true},{\"value\":\"70\",\"correct\":false},{\"value\":\"50\",\"correct\":false},{\"value\":\"40\",\"correct\":true},{\"value\":\"30\",\"correct\":false},{\"value\":\"20\",\"correct\":false},{\"value\":\"15\",\"correct\":false},{\"value\":\"10\",\"correct\":false}]', '2025-03-07 16:51:37'),
(13, 1, '[{\"value\":\"200\",\"correct\":true},{\"value\":\"100\",\"correct\":true},{\"value\":\"70\",\"correct\":true},{\"value\":\"50\",\"correct\":true},{\"value\":\"40\",\"correct\":true},{\"value\":\"30\",\"correct\":false},{\"value\":\"20\",\"correct\":false},{\"value\":\"15\",\"correct\":false},{\"value\":\"10\",\"correct\":false}]', '2025-03-07 16:52:03'),
(14, 1, '[{\"value\":\"200\",\"correct\":false},{\"value\":\"100\",\"correct\":false},{\"value\":\"70\",\"correct\":false},{\"value\":\"50\",\"correct\":false},{\"value\":\"40\",\"correct\":true},{\"value\":\"30\",\"correct\":true},{\"value\":\"20\",\"correct\":false},{\"value\":\"15\",\"correct\":false},{\"value\":\"10\",\"correct\":false}]', '2025-03-07 16:53:48'),
(15, 1, '[{\"value\":\"200\",\"correct\":false},{\"value\":\"100\",\"correct\":false},{\"value\":\"70\",\"correct\":false},{\"value\":\"50\",\"correct\":true},{\"value\":\"40\",\"correct\":true},{\"value\":\"30\",\"correct\":true},{\"value\":\"20\",\"correct\":true},{\"value\":\"15\",\"correct\":true},{\"value\":\"10\",\"correct\":false}]', '2025-03-07 16:54:08'),
(16, 1, '[{\"value\":\"200\",\"correct\":true},{\"value\":\"100\",\"correct\":true},{\"value\":\"70\",\"correct\":false},{\"value\":\"50\",\"correct\":false},{\"value\":\"40\",\"correct\":false},{\"value\":\"30\",\"correct\":false},{\"value\":\"20\",\"correct\":false},{\"value\":\"15\",\"correct\":false},{\"value\":\"10\",\"correct\":false}]', '2025-03-07 16:54:21'),
(17, 15, '[{\"value\":\"200\",\"correct\":false},{\"value\":\"100\",\"correct\":false},{\"value\":\"70\",\"correct\":false},{\"value\":\"50\",\"correct\":false},{\"value\":\"40\",\"correct\":false},{\"value\":\"30\",\"correct\":false},{\"value\":\"20\",\"correct\":true},{\"value\":\"15\",\"correct\":false},{\"value\":\"10\",\"correct\":false}]', '2025-03-08 12:03:54');

-- --------------------------------------------------------

--
-- بنية الجدول `report_color1`
--

CREATE TABLE `report_color1` (
  `report_id` int(11) NOT NULL,
  `patient_id` int(11) NOT NULL,
  `test_id` int(11) NOT NULL,
  `report_data` text NOT NULL,
  `created_at` datetime DEFAULT current_timestamp()
) ENGINE=InnoDB DEFAULT CHARSET=utf8mb4 COLLATE=utf8mb4_unicode_ci;

--
-- إرجاع أو استيراد بيانات الجدول `report_color1`
--

INSERT INTO `report_color1` (`report_id`, `patient_id`, `test_id`, `report_data`, `created_at`) VALUES
(1, 1, 1, '{\"color1\":\"#ff0000\",\"color2\":\"#00ff00\",\"similarity\":18,\"status\":\"\\u0636\\u0639\\u064a\\u0641\",\"attempt\":1}', '2025-03-08 05:54:05'),
(2, 1, 2, '{\"color1\":\"#ff0000\",\"color2\":\"#00ff00\",\"similarity\":18,\"status\":\"\\u0636\\u0639\\u064a\\u0641\",\"attempt\":2}', '2025-03-08 06:05:40'),
(3, 15, 3, '{\"color1\":\"#ff0000\",\"color2\":\"#678e67\",\"similarity\":47,\"status\":\"\\u0636\\u0639\\u064a\\u0641\",\"attempt\":1}', '2025-03-08 15:02:56'),
(4, 15, 4, '{\"color1\":\"#ff0000\",\"color2\":\"#00ff00\",\"similarity\":18,\"status\":\"\\u0636\\u0639\\u064a\\u0641\",\"attempt\":2}', '2025-03-08 15:25:54');

-- --------------------------------------------------------

--
-- بنية الجدول `report_senllen2`
--

CREATE TABLE `report_senllen2` (
  `id` int(11) NOT NULL,
  `patient_id` int(11) NOT NULL,
  `best_acuity` varchar(20) DEFAULT NULL,
  `test_date` datetime DEFAULT NULL
) ENGINE=InnoDB DEFAULT CHARSET=utf8mb4 COLLATE=utf8mb4_unicode_ci;

--
-- إرجاع أو استيراد بيانات الجدول `report_senllen2`
--

INSERT INTO `report_senllen2` (`id`, `patient_id`, `best_acuity`, `test_date`) VALUES
(1, 1, NULL, '2025-03-07 22:13:24'),
(3, 1, NULL, '2025-03-08 02:56:30'),
(4, 1, NULL, '2025-03-08 03:46:07'),
(8, 15, NULL, '2025-03-08 15:03:35');

-- --------------------------------------------------------

--
-- بنية الجدول `senllen2_test`
--

CREATE TABLE `senllen2_test` (
  `id` int(11) NOT NULL,
  `report_id` int(11) NOT NULL,
  `letter_type` enum('E','C') DEFAULT NULL,
  `direction` varchar(20) DEFAULT NULL,
  `size` float DEFAULT NULL,
  `user_answer` varchar(20) DEFAULT NULL,
  `is_correct` tinyint(1) DEFAULT NULL
) ENGINE=InnoDB DEFAULT CHARSET=utf8mb4 COLLATE=utf8mb4_unicode_ci;

--
-- إرجاع أو استيراد بيانات الجدول `senllen2_test`
--

INSERT INTO `senllen2_test` (`id`, `report_id`, `letter_type`, `direction`, `size`, `user_answer`, `is_correct`) VALUES
(1, 1, 'E', 'left', 88, 'right', 0),
(2, 1, 'C', 'right', 88, 'bottom', 0),
(3, 1, 'E', 'down', 88, 'right', 0),
(4, 1, 'C', 'right', 88, 'top', 0),
(5, 1, 'E', 'up', 44, 'down', 0),
(6, 1, 'C', 'right', 44, 'bottom', 0),
(7, 1, 'E', 'left', 44, 'up', 0),
(8, 1, 'C', 'right', 44, 'bottom', 0),
(9, 1, 'E', 'up', 22, 'down', 0),
(10, 1, 'C', 'top', 22, 'bottom', 0),
(11, 1, 'E', 'up', 22, 'up', 1),
(12, 1, 'C', 'bottom', 22, 'top', 0),
(13, 1, 'E', 'down', 8.8, 'down', 1),
(14, 1, 'C', 'right', 8.8, 'bottom', 0),
(15, 1, 'E', 'right', 8.8, '', 0),
(16, 1, 'C', 'top', 8.8, 'bottom', 0),
(17, 1, 'E', 'up', 4.4, 'down', 0),
(18, 1, 'C', 'right', 4.4, 'bottom', 0),
(19, 1, 'E', 'up', 4.4, 'down', 0),
(20, 1, 'C', 'top', 4.4, '', 0),
(21, 3, 'E', 'up', 88, 'down', 0),
(22, 3, 'C', 'top', 88, 'bottom', 0),
(23, 3, 'E', 'down', 88, 'down', 1),
(24, 3, 'C', 'bottom', 88, 'bottom', 1),
(25, 3, 'E', 'right', 44, 'down', 0),
(26, 3, 'C', 'left', 44, 'bottom', 0),
(27, 3, 'E', 'up', 44, 'down', 0),
(28, 3, 'C', 'left', 44, 'left', 1),
(29, 3, 'E', 'left', 22, 'left', 1),
(30, 3, 'C', 'top', 22, 'right', 0),
(31, 3, 'E', 'left', 22, 'left', 1),
(32, 3, 'C', 'right', 22, 'bottom', 0),
(33, 3, 'E', 'down', 8.8, 'left', 0),
(34, 3, 'C', 'top', 8.8, 'bottom', 0),
(35, 3, 'E', 'right', 8.8, 'left', 0),
(36, 3, 'C', 'top', 8.8, 'top', 1),
(37, 3, 'E', 'up', 4.4, 'down', 0),
(38, 3, 'C', 'bottom', 4.4, 'left', 0),
(39, 3, 'E', 'down', 4.4, 'right', 0),
(40, 3, 'C', 'left', 4.4, 'right', 0),
(41, 4, 'E', 'up', 88, 'left', 0),
(42, 4, 'C', 'top', 88, 'left', 0),
(43, 4, 'E', 'down', 88, 'left', 0),
(44, 4, 'C', 'bottom', 88, 'left', 0),
(45, 4, 'E', 'right', 44, 'up', 0),
(46, 4, 'C', 'left', 44, 'bottom', 0),
(47, 4, 'E', 'up', 44, 'down', 0),
(48, 4, 'C', 'left', 44, 'bottom', 0),
(49, 4, 'E', 'left', 22, 'right', 0),
(50, 4, 'C', 'top', 22, 'bottom', 0),
(51, 4, 'E', 'left', 22, 'down', 0),
(52, 4, 'C', 'right', 22, 'left', 0),
(53, 4, 'E', 'down', 8.8, 'left', 0),
(54, 4, 'C', 'top', 8.8, 'bottom', 0),
(55, 4, 'E', 'right', 8.8, 'left', 0),
(56, 4, 'C', 'top', 8.8, 'bottom', 0),
(57, 4, 'E', 'up', 4.4, 'left', 0),
(58, 4, 'C', 'bottom', 4.4, 'right', 0),
(59, 4, 'E', 'down', 4.4, 'left', 0),
(60, 4, 'C', 'left', 4.4, 'bottom', 0),
(61, 8, 'E', 'left', 88, 'down', 0),
(62, 8, 'C', 'left', 88, 'left', 1),
(63, 8, 'E', 'up', 88, 'left', 0),
(64, 8, 'C', 'right', 88, 'bottom', 0),
(65, 8, 'E', 'left', 44, 'down', 0),
(66, 8, 'C', 'top', 44, 'bottom', 0),
(67, 8, 'E', 'up', 44, 'down', 0),
(68, 8, 'C', 'top', 44, 'bottom', 0),
(69, 8, 'E', 'up', 22, 'left', 0),
(70, 8, 'C', 'right', 22, 'bottom', 0),
(71, 8, 'E', 'up', 22, 'left', 0),
(72, 8, 'C', 'right', 22, 'left', 0),
(73, 8, 'E', 'up', 8.8, 'left', 0),
(74, 8, 'C', 'bottom', 8.8, 'left', 0),
(75, 8, 'E', 'up', 8.8, 'left', 0),
(76, 8, 'C', 'bottom', 8.8, 'right', 0),
(77, 8, 'E', 'down', 4.4, 'left', 0),
(78, 8, 'C', 'right', 4.4, 'bottom', 0),
(79, 8, 'E', 'down', 4.4, 'left', 0),
(80, 8, 'C', 'top', 4.4, 'bottom', 0);

-- --------------------------------------------------------

--
-- بنية الجدول `site_content`
--

CREATE TABLE `site_content` (
  `id` int(11) NOT NULL,
  `heading` varchar(255) NOT NULL,
  `paragraph` text NOT NULL,
  `created_at` timestamp NOT NULL DEFAULT current_timestamp()
) ENGINE=InnoDB DEFAULT CHARSET=utf8mb4 COLLATE=utf8mb4_general_ci;

--
-- إرجاع أو استيراد بيانات الجدول `site_content`
--

INSERT INTO `site_content` (`id`, `heading`, `paragraph`, `created_at`) VALUES
(1, 'عن موقعنا', 'في ظل التطور التكنولوجي المتسارع وتوجه العالم نحو الرقمنة في كافة المجالات، برزت فكرة إنشاء موقع إلكتروني لفحص النظر عن بُعد كحل مبتكر يسهم في تسهيل مراقبة صحة العين بشكل أولي دون الحاجة إلى زيارة عيادة الطبيب في الحالات البسيطة. يعتمد الموقع على استخدام تقنيات تفاعلية مُعتمَدة طبياً تسمح للمستخدمين إجراء فحوصات نظر مبدئية عبر شاشات أجهزتهم الذكية، مع ضبط الإعدادات الدقيقة مثل حجم الشاشة والتباعد لتوفير دقة مقاربة للفحص التقليدي. تتمثل أهمية هذه الفكرة في توفير الوقت والجهد، خاصةً لأولئك الذين يعيشون في مناطق نائية أو يواجهون صعوبات في التنقل، كما أنها تشكل خطوة وقائية تشجع المستخدمين على اكتشاف أي تغيرات مبكرة في الرؤية قد تستدعي استشارة طبيب متخصص. لا يُغني الموقع بالطبع عن الفحص السريري الشامل، لكنه أداة مساندة ذكية تعكس كيف يمكن توظيف التكنولوجيا لتعزيز الرعاية الصحية الوقائية بسلاسة ومرونة', '2025-03-03 14:58:38');

-- --------------------------------------------------------

--
-- بنية الجدول `snellen_config`
--

CREATE TABLE `snellen_config` (
  `id` int(11) NOT NULL,
  `size` decimal(5,2) NOT NULL,
  `snellen` varchar(20) NOT NULL,
  `count` int(11) NOT NULL
) ENGINE=InnoDB DEFAULT CHARSET=utf8mb4 COLLATE=utf8mb4_unicode_ci;

--
-- إرجاع أو استيراد بيانات الجدول `snellen_config`
--

INSERT INTO `snellen_config` (`id`, `size`, `snellen`, `count`) VALUES
(1, 88.00, '20/200', 4),
(2, 44.00, '20/100', 4),
(3, 22.00, '20/50', 4),
(4, 8.80, '20/20', 4),
(5, 4.40, '20/10', 4);

-- --------------------------------------------------------

--
-- بنية الجدول `test_reports`
--

CREATE TABLE `test_reports` (
  `report_id` int(11) NOT NULL,
  `patient_id` int(11) DEFAULT NULL,
  `test_id` int(11) DEFAULT NULL,
  `correct_answers` int(11) DEFAULT NULL,
  `incorrect_answers` int(11) DEFAULT NULL,
  `vision_percentage` decimal(5,2) DEFAULT NULL,
  `color_type` varchar(50) DEFAULT NULL
) ENGINE=InnoDB DEFAULT CHARSET=utf8mb4 COLLATE=utf8mb4_unicode_ci;

--
-- إرجاع أو استيراد بيانات الجدول `test_reports`
--

INSERT INTO `test_reports` (`report_id`, `patient_id`, `test_id`, `correct_answers`, `incorrect_answers`, `vision_percentage`, `color_type`) VALUES
(12, 1, 18, 2, 16, 11.10, 'عمى ألوان شديد');

-- --------------------------------------------------------

--
-- بنية الجدول `users`
--

CREATE TABLE `users` (
  `id` int(11) NOT NULL,
  `username` varchar(50) NOT NULL,
  `password` varchar(255) NOT NULL,
  `created_at` timestamp NOT NULL DEFAULT current_timestamp()
) ENGINE=InnoDB DEFAULT CHARSET=utf8mb4 COLLATE=utf8mb4_unicode_ci;

--
-- إرجاع أو استيراد بيانات الجدول `users`
--

INSERT INTO `users` (`id`, `username`, `password`, `created_at`) VALUES
(2, 'admin', 'mona3444', '2025-03-02 19:01:37');

-- --------------------------------------------------------

--
-- بنية الجدول `vision_tests`
--

CREATE TABLE `vision_tests` (
  `test_id` int(11) NOT NULL,
  `letter` varchar(2) NOT NULL,
  `font_size` varchar(20) NOT NULL,
  `order` int(11) NOT NULL,
  `created_at` datetime DEFAULT current_timestamp()
) ENGINE=InnoDB DEFAULT CHARSET=utf8mb4 COLLATE=utf8mb4_unicode_ci;

--
-- إرجاع أو استيراد بيانات الجدول `vision_tests`
--

INSERT INTO `vision_tests` (`test_id`, `letter`, `font_size`, `order`, `created_at`) VALUES
(8, 'E', '30px', 3, '2025-03-03 00:20:34'),
(9, 'D', '30px', 9, '2025-03-03 00:20:34'),
(10, 'E', '1.5rem', 10, '2025-03-03 00:20:34'),
(11, 'D', '1.5rem', 11, '2025-03-03 00:20:34'),
(13, 'C', '1.5rem', 0, '2025-03-03 00:20:34'),
(26, 'F', '1.5rem', 12, '2025-03-03 00:21:01'),
(27, 'C', '1.5rem', 13, '2025-03-03 00:21:01'),
(28, 'Z', '1.5rem', 14, '2025-03-03 00:21:01'),
(32, 'y', '35px', 1, '2025-03-04 21:14:41'),
(34, 'g', '32px', 2, '2025-03-04 21:31:12');

--
-- Indexes for dumped tables
--

--
-- Indexes for table `articles`
--
ALTER TABLE `articles`
  ADD PRIMARY KEY (`article_id`);

--
-- Indexes for table `color1_test`
--
ALTER TABLE `color1_test`
  ADD PRIMARY KEY (`test_id`),
  ADD KEY `patient_id` (`patient_id`);

--
-- Indexes for table `color_test`
--
ALTER TABLE `color_test`
  ADD PRIMARY KEY (`id`),
  ADD KEY `patient_id` (`patient_id`);

--
-- Indexes for table `consultations`
--
ALTER TABLE `consultations`
  ADD PRIMARY KEY (`id`);

--
-- Indexes for table `contact_lenses`
--
ALTER TABLE `contact_lenses`
  ADD PRIMARY KEY (`id`);

--
-- Indexes for table `diagnosis`
--
ALTER TABLE `diagnosis`
  ADD PRIMARY KEY (`id`),
  ADD KEY `patient_id` (`patient_id`);

--
-- Indexes for table `doctors`
--
ALTER TABLE `doctors`
  ADD PRIMARY KEY (`id`);

--
-- Indexes for table `eye_diseases`
--
ALTER TABLE `eye_diseases`
  ADD PRIMARY KEY (`id`);

--
-- Indexes for table `health_tips`
--
ALTER TABLE `health_tips`
  ADD PRIMARY KEY (`tip_id`);

--
-- Indexes for table `ishihara_images`
--
ALTER TABLE `ishihara_images`
  ADD PRIMARY KEY (`image_id`);

--
-- Indexes for table `ishihara_tests`
--
ALTER TABLE `ishihara_tests`
  ADD PRIMARY KEY (`test_id`);

--
-- Indexes for table `medicines`
--
ALTER TABLE `medicines`
  ADD PRIMARY KEY (`id`);

--
-- Indexes for table `menu_items`
--
ALTER TABLE `menu_items`
  ADD PRIMARY KEY (`item_id`);

--
-- Indexes for table `messages`
--
ALTER TABLE `messages`
  ADD PRIMARY KEY (`id`);

--
-- Indexes for table `patient`
--
ALTER TABLE `patient`
  ADD PRIMARY KEY (`id`),
  ADD UNIQUE KEY `email` (`email`);

--
-- Indexes for table `reports_senllen`
--
ALTER TABLE `reports_senllen`
  ADD PRIMARY KEY (`id`),
  ADD KEY `patient_id` (`patient_id`);

--
-- Indexes for table `report_color1`
--
ALTER TABLE `report_color1`
  ADD PRIMARY KEY (`report_id`),
  ADD KEY `patient_id` (`patient_id`),
  ADD KEY `test_id` (`test_id`);

--
-- Indexes for table `report_senllen2`
--
ALTER TABLE `report_senllen2`
  ADD PRIMARY KEY (`id`),
  ADD KEY `patient_id` (`patient_id`);

--
-- Indexes for table `senllen2_test`
--
ALTER TABLE `senllen2_test`
  ADD PRIMARY KEY (`id`),
  ADD KEY `report_id` (`report_id`);

--
-- Indexes for table `site_content`
--
ALTER TABLE `site_content`
  ADD PRIMARY KEY (`id`);

--
-- Indexes for table `snellen_config`
--
ALTER TABLE `snellen_config`
  ADD PRIMARY KEY (`id`);

--
-- Indexes for table `test_reports`
--
ALTER TABLE `test_reports`
  ADD PRIMARY KEY (`report_id`),
  ADD KEY `test_id` (`test_id`),
  ADD KEY `pa` (`patient_id`);

--
-- Indexes for table `users`
--
ALTER TABLE `users`
  ADD PRIMARY KEY (`id`),
  ADD UNIQUE KEY `username` (`username`);

--
-- Indexes for table `vision_tests`
--
ALTER TABLE `vision_tests`
  ADD PRIMARY KEY (`test_id`);

--
-- AUTO_INCREMENT for dumped tables
--

--
-- AUTO_INCREMENT for table `articles`
--
ALTER TABLE `articles`
  MODIFY `article_id` int(11) NOT NULL AUTO_INCREMENT, AUTO_INCREMENT=8;

--
-- AUTO_INCREMENT for table `color1_test`
--
ALTER TABLE `color1_test`
  MODIFY `test_id` int(11) NOT NULL AUTO_INCREMENT, AUTO_INCREMENT=5;

--
-- AUTO_INCREMENT for table `color_test`
--
ALTER TABLE `color_test`
  MODIFY `id` int(11) NOT NULL AUTO_INCREMENT, AUTO_INCREMENT=6;

--
-- AUTO_INCREMENT for table `consultations`
--
ALTER TABLE `consultations`
  MODIFY `id` int(6) UNSIGNED NOT NULL AUTO_INCREMENT, AUTO_INCREMENT=12;

--
-- AUTO_INCREMENT for table `contact_lenses`
--
ALTER TABLE `contact_lenses`
  MODIFY `id` int(11) NOT NULL AUTO_INCREMENT, AUTO_INCREMENT=15;

--
-- AUTO_INCREMENT for table `diagnosis`
--
ALTER TABLE `diagnosis`
  MODIFY `id` int(11) NOT NULL AUTO_INCREMENT, AUTO_INCREMENT=18;

--
-- AUTO_INCREMENT for table `doctors`
--
ALTER TABLE `doctors`
  MODIFY `id` int(6) UNSIGNED NOT NULL AUTO_INCREMENT, AUTO_INCREMENT=7;

--
-- AUTO_INCREMENT for table `eye_diseases`
--
ALTER TABLE `eye_diseases`
  MODIFY `id` int(11) NOT NULL AUTO_INCREMENT, AUTO_INCREMENT=36;

--
-- AUTO_INCREMENT for table `health_tips`
--
ALTER TABLE `health_tips`
  MODIFY `tip_id` int(11) NOT NULL AUTO_INCREMENT, AUTO_INCREMENT=2;

--
-- AUTO_INCREMENT for table `ishihara_images`
--
ALTER TABLE `ishihara_images`
  MODIFY `image_id` int(11) NOT NULL AUTO_INCREMENT, AUTO_INCREMENT=35;

--
-- AUTO_INCREMENT for table `ishihara_tests`
--
ALTER TABLE `ishihara_tests`
  MODIFY `test_id` int(11) NOT NULL AUTO_INCREMENT, AUTO_INCREMENT=19;

--
-- AUTO_INCREMENT for table `medicines`
--
ALTER TABLE `medicines`
  MODIFY `id` int(11) NOT NULL AUTO_INCREMENT, AUTO_INCREMENT=44;

--
-- AUTO_INCREMENT for table `menu_items`
--
ALTER TABLE `menu_items`
  MODIFY `item_id` int(11) NOT NULL AUTO_INCREMENT, AUTO_INCREMENT=17;

--
-- AUTO_INCREMENT for table `messages`
--
ALTER TABLE `messages`
  MODIFY `id` int(6) UNSIGNED NOT NULL AUTO_INCREMENT, AUTO_INCREMENT=40;

--
-- AUTO_INCREMENT for table `patient`
--
ALTER TABLE `patient`
  MODIFY `id` int(11) NOT NULL AUTO_INCREMENT, AUTO_INCREMENT=16;

--
-- AUTO_INCREMENT for table `reports_senllen`
--
ALTER TABLE `reports_senllen`
  MODIFY `id` int(6) UNSIGNED NOT NULL AUTO_INCREMENT, AUTO_INCREMENT=18;

--
-- AUTO_INCREMENT for table `report_color1`
--
ALTER TABLE `report_color1`
  MODIFY `report_id` int(11) NOT NULL AUTO_INCREMENT, AUTO_INCREMENT=5;

--
-- AUTO_INCREMENT for table `report_senllen2`
--
ALTER TABLE `report_senllen2`
  MODIFY `id` int(11) NOT NULL AUTO_INCREMENT, AUTO_INCREMENT=9;

--
-- AUTO_INCREMENT for table `senllen2_test`
--
ALTER TABLE `senllen2_test`
  MODIFY `id` int(11) NOT NULL AUTO_INCREMENT, AUTO_INCREMENT=81;

--
-- AUTO_INCREMENT for table `site_content`
--
ALTER TABLE `site_content`
  MODIFY `id` int(11) NOT NULL AUTO_INCREMENT, AUTO_INCREMENT=5;

--
-- AUTO_INCREMENT for table `snellen_config`
--
ALTER TABLE `snellen_config`
  MODIFY `id` int(11) NOT NULL AUTO_INCREMENT, AUTO_INCREMENT=6;

--
-- AUTO_INCREMENT for table `test_reports`
--
ALTER TABLE `test_reports`
  MODIFY `report_id` int(11) NOT NULL AUTO_INCREMENT, AUTO_INCREMENT=13;

--
-- AUTO_INCREMENT for table `users`
--
ALTER TABLE `users`
  MODIFY `id` int(11) NOT NULL AUTO_INCREMENT, AUTO_INCREMENT=3;

--
-- AUTO_INCREMENT for table `vision_tests`
--
ALTER TABLE `vision_tests`
  MODIFY `test_id` int(11) NOT NULL AUTO_INCREMENT, AUTO_INCREMENT=50;

--
-- قيود الجداول المُلقاة.
--

--
-- قيود الجداول `articles`
--
ALTER TABLE `articles`
  ADD CONSTRAINT `articles_ibfk_1` FOREIGN KEY (`tip_id`) REFERENCES `health_tips` (`tip_id`) ON DELETE CASCADE;

--
-- قيود الجداول `color1_test`
--
ALTER TABLE `color1_test`
  ADD CONSTRAINT `color1_test_ibfk_1` FOREIGN KEY (`patient_id`) REFERENCES `patient` (`id`);

--
-- قيود الجداول `color_test`
--
ALTER TABLE `color_test`
  ADD CONSTRAINT `color_test_ibfk_1` FOREIGN KEY (`patient_id`) REFERENCES `patient` (`id`);

--
-- قيود الجداول `diagnosis`
--
ALTER TABLE `diagnosis`
  ADD CONSTRAINT `diagnosis_ibfk_1` FOREIGN KEY (`patient_id`) REFERENCES `patient` (`id`);

--
-- قيود الجداول `reports_senllen`
--
ALTER TABLE `reports_senllen`
  ADD CONSTRAINT `reports_senllen_ibfk_1` FOREIGN KEY (`patient_id`) REFERENCES `patient` (`id`);

--
-- قيود الجداول `report_color1`
--
ALTER TABLE `report_color1`
  ADD CONSTRAINT `report_color1_ibfk_1` FOREIGN KEY (`patient_id`) REFERENCES `patient` (`id`),
  ADD CONSTRAINT `report_color1_ibfk_2` FOREIGN KEY (`test_id`) REFERENCES `color1_test` (`test_id`);

--
-- قيود الجداول `report_senllen2`
--
ALTER TABLE `report_senllen2`
  ADD CONSTRAINT `report_senllen2_ibfk_1` FOREIGN KEY (`patient_id`) REFERENCES `patient` (`id`);

--
-- قيود الجداول `senllen2_test`
--
ALTER TABLE `senllen2_test`
  ADD CONSTRAINT `senllen2_test_ibfk_1` FOREIGN KEY (`report_id`) REFERENCES `report_senllen2` (`id`);

--
-- قيود الجداول `test_reports`
--
ALTER TABLE `test_reports`
  ADD CONSTRAINT `pa` FOREIGN KEY (`patient_id`) REFERENCES `patient` (`id`),
  ADD CONSTRAINT `test_reports_ibfk_1` FOREIGN KEY (`test_id`) REFERENCES `ishihara_tests` (`test_id`);
COMMIT;

/*!40101 SET CHARACTER_SET_CLIENT=@OLD_CHARACTER_SET_CLIENT */;
/*!40101 SET CHARACTER_SET_RESULTS=@OLD_CHARACTER_SET_RESULTS */;
/*!40101 SET COLLATION_CONNECTION=@OLD_COLLATION_CONNECTION */;
